Ticker,Name,Sector
AMKR,AMKOR Technology Inc.,Technology
AMLX,Amylyx Pharmaceuticals Inc,N/A
AMN,AMN Healthcare Services Inc.,Healthcare
AMNB,American National Bankshares Inc.,Financial Services
AMOT,Allied Motion Technologies Inc,Technology
AMPE,Ampio Pharmaceuticals Inc,Healthcare
AMPH,Amphastar Pharmaceuticals Inc,Healthcare
AMRC,Ameresco Inc.,Industrials
AMRK,A-Mark Precious Metals Inc,Financial Services
AMRS,Amyris Inc,Basic Materials
AMRX,Amneal Pharmaceuticals Inc,Healthcare
AMSC,American Superconductor Corp.,Industrials
AMSF,Amerisafe Inc,Financial Services
AMSWA,American Software Inc.,Technology
AMTB,Amerant Bancorp Inc,Financial Services
AMTI,Applied Molecular Transport Inc,N/A
AMTX,Aemetis Inc,Energy
AMWD,American Woodmark Corp.,Consumer Cyclical
AMWL,American Well Corporation,N/A
ANAB,AnaptysBio Inc,Healthcare
ANAT,American National Group Inc,Financial Services
ANDE,Andersons Inc.,Consumer Defensive
ANF,Abercrombie & Fitch Co.,Consumer Cyclical
ANGN,Angion Biomedica Corp,N/A
ANGO,Angiodynamic Inc,Healthcare
ANIK,Anika Therapeutics Inc.,Healthcare
ANIP,ANI Pharmaceuticals Inc,Healthcare
ANNX,Annexon Inc,N/A
AOMR,Angel Oak Mortgage Inc,N/A
AORT,Artivion Inc,N/A
AOSL,Alpha & Omega Semiconductor Ltd,Technology
AOUT,American Outdoor Brands Inc,N/A
APAM,Artisan Partners Asset Management Inc,Financial Services
APEI,American Public Education Inc,Consumer Defensive
APG,APi Group Corporation,N/A
APLE,Apple Hospitality REIT Inc,Real Estate
APLS,Apellis Pharmaceuticals Inc,Healthcare
APLT,Applied Therapeutics Inc,Healthcare
APOG,Apogee Enterprises Inc.,Industrials
APPF,Appfolio Inc,Technology
APPH,AppHarvest Inc,N/A
APPN,Appian Corp,Technology
APPS,Digital Turbine Inc,Technology
APTS,Preferred Apartment Communities Inc,Real Estate
APYX,Apyx Medical Corp,Healthcare
AQB,AquaBounty Technologies Inc,Consumer Defensive
AQUA,Evoqua Water Technologies Corp,Industrials
AR,Antero Resources Corp,Energy
ARAY,Accuray Inc,Healthcare
ARCB,ArcBest Corp,Industrials
ARCH,Arch Resources Inc,Energy
ARCT,Arcturus Therapeutics Holdings Inc,Healthcare
ARDX,Ardelyx Inc,Healthcare
ARGO,Argo Group International Holdings Ltd,Financial Services
ARI,Apollo Commercial Real Estate Finance Inc,Real Estate
ARIS,Aris Water Solutions Inc,N/A
ARKO,ARKO Corp,N/A
ARLO,Arlo Technologies Inc,Industrials
ARNC,Arconic Corporation,Industrials
AROC,Archrock Inc,Energy
AROW,Arrow Financial Corp.,Financial Services
ARQT,Arcutis Biotherapeutics Inc,Healthcare
ARR,ARMOUR Residential REIT Inc,Real Estate
ARRY,Array Technologies Inc,N/A
ARTNA,Artesian Resources Corp.,Utilities
ARVN,Arvinas Inc,Healthcare
ARWR,Arrowhead Pharmaceuticals Inc.,Healthcare
ASAN,Asana Inc,N/A
ASB,Associated Banc-Corp.,Financial Services
ASGN,ASGN Inc,Industrials
ASIX,AdvanSix Inc,Basic Materials
ASLE,AerSale Corp,N/A
ASO,Academy Sports and Outdoors Inc,N/A
ASPN,Aspen Aerogels Inc.,Industrials
ASTE,Astec Industries Inc.,Industrials
ASXC,Asensus Surgical Inc,N/A
ATCX,Atlas Technical Consultants Inc,Industrials
ATEC,Alphatec Holdings Inc,Healthcare
ATEN,A10 Networks Inc,Technology
ATER,Aterian Inc,N/A
ATEX,Anterix Inc,Communication Services
ATGE,Adtalem Global Education Inc,Consumer Defensive
ATHA,Athira Pharma Inc,N/A
ATHX,Athersys Inc,Healthcare
ATI,ATI Inc,Industrials
ATKR,Atkore Inc,Industrials
ATLC,Atlanticus Holdings Corp,Financial Services
ATNI,ATN International Inc,Communication Services
ATNX,Athenex Inc,Healthcare
ATOM,Atomera Inc,Technology
ATOS,Atossa Therapeutics Inc,Healthcare
ATRA,Atara Biotherapeutics Inc,Healthcare
ATRC,Atricure Inc,Healthcare
ATRI,Atrion Corp.,Healthcare
ATRO,Astronics Corp.,Industrials
ATRS,Antares Pharma Inc,Healthcare
ATSG,Air Transport Services Group Inc,Industrials
AUB,Atlantic Union Bankshares Corp,Financial Services
AUD,Audacy Inc,N/A
AURA,Aura Biosciences Inc,N/A
AVA,Avista Corp.,Utilities
AVAH,Aveanna Healthcare Holdings Inc,N/A
AVAV,AeroVironment Inc.,Industrials
AVD,American Vanguard Corp.,Basic Materials
AVDX,AvidXchange Holdings Inc,Healthcare
AVID,"Avid Technology, Inc.",Communication Services
AVIR,Atea Pharmaceuticals Inc,N/A
AVNS,Avanos Medical Inc,Healthcare
AVNT,Avient Corp,N/A
AVNW,Aviat Networks Inc,Technology
AVO,Mission Produce Inc,N/A
AVRO,AvroBio Inc,Healthcare
AVTE,Aerovate Therapeutics Inc,N/A
AVTX,Avalo Therapeutics Inc,N/A
AVXL,Anavex Life Sciences Corporation,Healthcare
AVYA,Avaya Holdings Corp.,Technology
AWH,Aspira Women`s Health Inc,N/A
AWR,American States Water Co.,Utilities
AX,Axos Financial Inc.,Financial Services
AXDX,Accelerate Diagnostics Inc,Healthcare
AXGN,Axogen Inc.,Healthcare
AXL,American Axle & Manufacturing Holdings Inc,Consumer Cyclical
AXNX,Axonics Inc,Healthcare
AXSM,Axsome Therapeutics Inc,Healthcare
AXTI,AXT Inc,Technology
AZZ,AZZ Inc,Industrials
B,Barnes Group Inc.,Industrials
BALY,Ballys Corporation,N/A
BANC,Banc of California Inc,Financial Services
BAND,Bandwidth Inc,Technology
BANF,Bancfirst Corp.,Financial Services
BANR,Banner Corp.,Financial Services
BASE,Couchbase Inc,N/A
BATRA,Liberty Media Corp.,Communication Services
BATRK,Liberty Media Corp.,Communication Services
BBBY,"Bed, Bath & Beyond Inc.",Consumer Cyclical
BBCP,Concrete Pumping Holdings Inc,Industrials
BBIO,BridgeBio Pharma Inc,Healthcare
BBSI,Barrett Business Services Inc.,Industrials
BCAB,BioAtla Inc,N/A
BCC,Boise Cascade Co,Basic Materials
BCEL,Atreca Inc,Healthcare
BCO,Brink`s Co.,Industrials
BCOR,Blucora Inc,Financial Services
BCOV,Brightcove Inc,Technology
BCPC,Balchem Corp.,Basic Materials
BCRX,Biocryst Pharmaceuticals Inc.,Healthcare
BDC,Belden Inc,Industrials
BDN,Brandywine Realty Trust,Real Estate
BDSX,Biodesix Inc,N/A
BDTX,Black Diamond Therapeutics Inc,Healthcare
BE,Bloom Energy Corp,Industrials
BEAM,Beam Therapeutics Inc,Healthcare
BECN,Beacon Roofing Supply Inc,Industrials
BEEM,Beam Global,N/A
BFC,Bank First Corp,Financial Services
BFLY,Butterfly Network Inc,N/A
BFS,"Saul Centers, Inc.",Real Estate
BFST,Business First Bancshares Inc.,Financial Services
BGCP,BGC Partners Inc,Financial Services
BGFV,Big 5 Sporting Goods Corp,Consumer Cyclical
BGS,"B&G Foods, Inc",Consumer Defensive
BH,Biglari Holdings Inc.,Consumer Cyclical
BHB,Bar Harbor Bankshares Inc,Financial Services
BHE,Benchmark Electronics Inc.,Technology
BHG,Bright Health Group Inc,N/A
BHLB,Berkshire Hills Bancorp Inc.,Financial Services
BHR,Braemar Hotels & Resorts Inc,Real Estate
BHVN,Biohaven Pharmaceutical Holding Company Ltd,Healthcare
BIG,Big Lots Inc,Consumer Defensive
BIGC,BigCommerce Holdings Inc,N/A
BIPC,Brookfield Infrastructure Corp,Financial Services
BJ,BJ`s Wholesale Club Holdings Inc,Consumer Defensive
BJRI,BJ`s Restaurant Inc.,Consumer Cyclical
BKD,Brookdale Senior Living Inc,Healthcare
BKE,"Buckle, Inc.",Consumer Cyclical
BKH,Black Hills Corporation,Utilities
BKU,BankUnited Inc,Financial Services
BL,BlackLine Inc,Technology
BLBD,Blue Bird Corp,Consumer Cyclical
BLFS,Biolife Solutions Inc,Healthcare
BLFY,Blue Foundry Bancorp,N/A
BLI,Berkeley Lights Inc,N/A
BLKB,Blackbaud Inc,Technology
BLMN,Bloomin Brands Inc,Consumer Cyclical
BLNK,Blink Charging Co,Consumer Cyclical
BLUE,Bluebird bio Inc,Healthcare
BLX,Banco Latinoamericano De Comercio Exterior SA,Financial Services
BMEA,Biomea Fusion Inc,N/A
BMI,Badger Meter Inc.,Industrials
BMRC,Bank of Marin Bancorp,Financial Services
BNED,Barnes & Noble Education Inc,Consumer Cyclical
BNFT,Benefitfocus Inc,Technology
BNGO,Bionano Genomics Inc,Healthcare
BNL,Broadstone Net Lease Inc,N/A
BOC,Boston Omaha Corp,N/A
BOLT,Bolt Biotherapeutics Inc,N/A
BOOM,DMC Global Inc,Energy
BOOT,Boot Barn Holdings Inc,Consumer Cyclical
BOX,Box Inc,Technology
BPMC,Blueprint Medicines Corp,Healthcare
BRBR,Bellring Brands Inc,Consumer Defensive
BRBS,Blue Ridge Bankshares Inc (VA),Financial Services
BRC,Brady Corp.,Industrials
BRKL,"Brookline Bancorp, Inc.",Financial Services
BRMK,Broadmark Realty Capital Inc,Real Estate
BRP,BRP Group Inc,Financial Services
BRSP,BrightSpire Capital Inc,N/A
BRT,BRT Apartments Corp,Real Estate
BRY,Berry Corp,Energy
BSET,Bassett Furniture Industries Inc.,Consumer Cyclical
BSIG,BrightSphere Investment Group Inc,Financial Services
BSRR,Sierra Bancorp,Financial Services
BTAI,BioXcel Therapeutics Inc,Healthcare
BTRS,BTRS Holdings Inc,N/A
BTU,Peabody Energy Corp.,Energy
BTX,Brooklyn ImmunoTherapeutics Inc,N/A
BUSE,First Busey Corp.,Financial Services
BV,BrightView Holdings Inc,Industrials
BVH,Bluegreen Vacations Holding Corporation,N/A
BVS,Bioventus Inc,N/A
BW,Babcock & Wilcox Enterprises Inc,Industrials
BWB,Bridgewater Bancshares Inc,Financial Services
BXC,Bluelinx Hldgs Inc,Industrials
BXMT,Blackstone Mortgage Trust Inc,Real Estate
BY,Byline Bancorp Inc,Financial Services
BYRN,Byrna Technologies Inc,Industrials
BYSI,BeyondSpring Inc,Healthcare
BZH,Beazer Homes USA Inc.,Consumer Cyclical
CAC,Camden National Corp.,Financial Services
CADE,Cadence Bank,Financial Services
CAKE,Cheesecake Factory Inc.,Consumer Cyclical
CAL,Caleres Inc,Consumer Cyclical
CALM,"Cal-Maine Foods, Inc.",Consumer Defensive
CALX,Calix Inc,Technology
CAMP,Calamp Corp.,Technology
CAR,Avis Budget Group Inc,Industrials
CARA,Cara Therapeutics Inc,Healthcare
CARE,Carter Bankshares Inc,Financial Services
CARG,CarGurus Inc,Communication Services
CARS,Cars.com,Consumer Cyclical
CASA,Casa Systems Inc,Technology
CASH,Pathward Financial Inc,Financial Services
CASS,Cass Information Systems Inc,Industrials
CATC,Cambridge Bancorp,Financial Services
CATO,Cato Corp.,Consumer Cyclical
CATY,Cathay General Bancorp,Financial Services
CBAY,Cymabay Therapeutics Inc,Healthcare
CBNK,Capital Bancorp Inc,Financial Services
CBRL,Cracker Barrel Old Country Store Inc,Consumer Cyclical
CBT,Cabot Corp.,Basic Materials
CBTX,CBTX Inc,Financial Services
CBU,"Community Bank System, Inc.",Financial Services
CBZ,Cbiz Inc,Industrials
CCB,Coastal Financial Corp,Financial Services
CCBG,"Capital City Bank Group, Inc.",Financial Services
CCCC,C4 Therapeutics Inc,N/A
CCF,Chase Corp.,Basic Materials
CCMP,CMC Materials Inc,Technology
CCNE,CNB Financial Corp (PA),Financial Services
CCO,Clear Channel Outdoor Holdings Inc.,Communication Services
CCOI,Cogent Communications Holdings Inc,Communication Services
CCRD,CoreCard Corporation,N/A
CCRN,"Cross Country Healthcares, Inc.",Industrials
CCS,Century Communities Inc,Consumer Cyclical
CCSI,Consensus Cloud Solutions Inc,N/A
CCXI,ChemoCentryx Inc,Healthcare
CDAK,Codiak Biosciences Inc,N/A
CDE,Coeur Mining Inc,Basic Materials
CDEV,Centennial Resource Development Inc.,Energy
CDLX,Cardlytics Inc,Communication Services
CDMO,Avid Bioservices Inc,Healthcare
CDNA,Caredx Inc,Healthcare
CDRE,Cadre Holdings Inc,N/A
CDXC,Chromadex Corp,Healthcare
CDXS,Codexis Inc.,Healthcare
CDZI,Cadiz Inc.,Utilities
CECE,Ceco Environmental Corp.,Industrials
CEIX,Consol Energy Inc,Energy
CELC,Celcuity Inc,Healthcare
CELH,Celsius Holdings Inc,Consumer Defensive
CENT,Central Garden & Pet Co.,Consumer Defensive
CENTA,Central Garden & Pet Co.,Consumer Defensive
CENX,Century Aluminum Co.,Basic Materials
CERE,Cerevel Therapeutics Holdings Inc,N/A
CERS,Cerus Corp.,Healthcare
CEVA,Ceva Inc.,Technology
CFB,Crossfirst Bankshares Inc,Financial Services
CFFN,Capitol Federal Financial,Financial Services
CGEM,Cullinan Oncology Inc,N/A
CHCO,City Holding Co.,Financial Services
CHCT,Community Healthcare Trust Inc,Real Estate
CHEF,Chefs` Warehouse Inc,Consumer Defensive
CHK,Chesapeake Energy Corp.,Energy
CHRS,Coherus Biosciences Inc,Healthcare
CHS,"Chico`s Fas, Inc.",Consumer Cyclical
CHUY,Chuy`s Holdings Inc,Consumer Cyclical
CHX,ChampionX Corporation,N/A
CIA,"Citizens, Inc.",Financial Services
CIM,Chimera Investment Corp,Real Estate
CINC,CinCor Pharma Inc,N/A
CIO,City Office REIT Inc,Real Estate
CIR,Circor International Inc,Industrials
CIVB,Civista Bancshares Inc,Financial Services
CIVI,Civitas Resources Inc,N/A
CIX,"Compx International, Inc.",Industrials
CLAR,Clarus Corp,Consumer Cyclical
CLBK,"Columbia Financial, Inc",Financial Services
CLDT,Chatham Lodging Trust,Real Estate
CLDX,Celldex Therapeutics Inc.,Healthcare
CLFD,Clearfield Inc,Technology
CLNE,Clean Energy Fuels Corp,Energy
CLNN,Clene Inc,N/A
CLPR,Clipper Realty Inc,Real Estate
CLPT,ClearPoint Neuro Inc,Healthcare
CLSK,Cleanspark Inc,Technology
CLVS,Clovis Oncology Inc,Healthcare
CLW,Clearwater Paper Corp,Basic Materials
CMBM,Cambium Networks Corp,Technology
CMC,Commercial Metals Co.,Basic Materials
CMCO,Columbus Mckinnon Corp.,Industrials
CMP,Compass Minerals International Inc,Basic Materials
CMPR,Cimpress plc,Communication Services
CMRE,Costamare Inc,Industrials
CMRX,Chimerix Inc,Healthcare
CMTL,Comtech Telecommunications Corp.,Technology
CNDT,Conduent Inc,Technology
CNK,Cinemark Holdings Inc,Communication Services
CNMD,Conmed Corp.,Healthcare
CNNE,Cannae Holdings Inc,Consumer Cyclical
CNO,CNO Financial Group Inc,Financial Services
CNOB,ConnectOne Bancorp Inc.,Financial Services
CNR,Cornerstone Building Brands Inc,Industrials
CNS,Cohen & Steers Inc.,Financial Services
CNSL,Consolidated Communications Holdings Inc,Communication Services
CNTY,Century Casinos Inc.,Consumer Cyclical
CNVY,Convey Health Solutions Holdings Inc,N/A
CNX,CNX Resources Corp,Energy
CNXN,"PC Connection, Inc.",Technology
COCO,Vita Coco Company Inc (The),N/A
COGT,Cogent Biosciences Inc,N/A
COHU,"Cohu, Inc.",Technology
COKE,Coca-Cola Consolidated Inc,Consumer Defensive
COLB,"Columbia Banking System, Inc.",Financial Services
COLL,Collegium Pharmaceutical Inc,Healthcare
CONN,Conns Inc,Consumer Cyclical
COOK,Traeger Inc,N/A
COOP,Mr. Cooper Group Inc,Financial Services
CORT,Corcept Therapeutics Inc,Healthcare
COUR,Coursera Inc,N/A
COWN,Cowen Inc,Financial Services
CPE,Callon Petroleum Co.,Energy
CPF,Central Pacific Financial Corp.,Financial Services
CPK,Chesapeake Utilities Corp,Utilities
CPRX,Catalyst Pharmaceuticals Inc,Healthcare
CPS,Cooper-Standard Holdings Inc,Consumer Cyclical
CPSI,Computer Programs & Systems Inc,Healthcare
CRAI,CRA International Inc.,Industrials
CRBU,Caribou Biosciences Inc,N/A
CRC,California Resources Corporation,Energy
CRDA,Crawford & Co.,N/A
CRDF,Cardiff Oncology Inc,N/A
CRDO,Credo Technology Group Holding Ltd,N/A
CRGY,Crescent Energy Company,N/A
CRIS,Curis Inc,Healthcare
CRK,"Comstock Resources, Inc.",Energy
CRMD,CorMedix Inc,Healthcare
CRMT,"Americas Car Mart, Inc.",Consumer Cyclical
CRNC,Cerence Inc,Technology
CRNX,Crinetics Pharmaceuticals Inc,Healthcare
CROX,Crocs Inc,Consumer Cyclical
CRS,Carpenter Technology Corp.,Industrials
CRSR,Corsair Gaming Inc,N/A
CRTX,Cortexyme Inc,Healthcare
CRVL,Corvel Corp.,Financial Services
CSGS,CSG Systems International Inc.,Technology
CSII,Cardiovascular Systems Inc.,Healthcare
CSR,Centerspace,N/A
CSSE,Chicken Soup for the Soul Entertainment Inc,Communication Services
CSTE,Caesarstone Ltd,Industrials
CSTL,Castle Biosciences Inc,Healthcare
CSTM,Constellium SE,Basic Materials
CSTR,CapStar Financial Holdings Inc,Financial Services
CSV,"Carriage Services, Inc.",Consumer Cyclical
CSWI,CSW Industrials Inc,Industrials
CTBI,"Community Trust Bancorp, Inc.",Financial Services
CTKB,Cytek BioSciences Inc,N/A
CTLP,Cantaloupe Inc,N/A
CTMX,CytomX Therapeutics Inc,Healthcare
CTO,CTO Realty Growth Inc,Real Estate
CTOS,Custom Truck One Source Inc,N/A
CTRE,CareTrust REIT Inc,Real Estate
CTRN,Citi Trends Inc,Consumer Cyclical
CTS,CTS Corp.,Technology
CTSO,Cytosorbents Corp,Healthcare
CTT,CatchMark Timber Trust Inc,Real Estate
CTXR,Citius Pharmaceuticals Inc,Healthcare
CUBI,Customers Bancorp Inc,Financial Services
CUE,Cue Biopharma Inc,Healthcare
CURI,CuriosityStream Inc,N/A
CURO,CURO Group Holdings Corp,Financial Services
CURV,Torrid Holdings Inc,N/A
CUTR,Cutera Inc,Healthcare
CVBF,CVB Financial Corp.,Financial Services
CVCO,Cavco Industries Inc,Consumer Cyclical
CVET,Covetrus Inc,Healthcare
CVGI,Commercial Vehicle Group Inc,Consumer Cyclical
CVGW,"Calavo Growers, Inc",Consumer Defensive
CVI,CVR Energy Inc,Energy
CVLG,Covenant Logistics Group Inc,N/A
CVLT,Commvault Systems Inc,Technology
CVM,Cel-Sci Corp.,Healthcare
CVRX,CVRx Inc,N/A
CWEN,Clearway Energy Inc,Utilities
CWENA,Clearway Energy Inc,N/A
CWH,Camping World Holdings Inc,Consumer Cyclical
CWK,Cushman & Wakefield plc,Real Estate
CWST,"Casella Waste Systems, Inc.",Industrials
CWT,California Water Service Group,Utilities
CXW,CoreCivic Inc,Real Estate
CYH,"Community Health Systems, Inc.",Healthcare
CYRX,CryoPort Inc,Industrials
CYT,Cyteir Therapeutics Inc,N/A
CYTK,Cytokinetics Inc,Healthcare
CZNC,Citizens & Northern Corp,Financial Services
DAKT,Daktronics Inc.,Technology
DAN,Dana Inc,Consumer Cyclical
DAWN,Day One Biopharmaceuticals Inc,N/A
DBD,Diebold Nixdorf Inc,Technology
DBI,Designer Brands Inc,Consumer Cyclical
DBRG,DigitalBridge Group Inc,N/A
DCO,Ducommun Inc.,Industrials
DCOM,Dime Community Bancshares Inc,Financial Services
DCPH,Deciphera Pharmaceuticals Inc,Healthcare
DDD,3D Systems Corp.,Technology
DDS,Dillard`s Inc.,Consumer Cyclical
DEA,Easterly Government Properties Inc,Real Estate
DEN,Denbury Inc.,N/A
DENN,Denny`s Corp.,Consumer Cyclical
DFIN,Donnelley Financial Solutions Inc,Financial Services
DGICA,Donegal Group Inc.,Financial Services
DGII,"Digi International, Inc.",Technology
DHC,Diversified Healthcare Trust,Real Estate
DHIL,"Diamond Hill Investment Group, Inc.",Financial Services
DHT,DHT Holdings Inc,Energy
DIBS,1stdibs.com Inc,N/A
DICE,DICE Therapeutics Inc,N/A
DIN,Dine Brands Global Inc,Consumer Cyclical
DIOD,"Diodes, Inc.",Technology
DJCO,Daily Journal Corporation,Communication Services
DK,Delek US Holdings Inc,Energy
DLTH,Duluth Holdings Inc,Consumer Cyclical
DLX,Deluxe Corp.,Communication Services
DM,Desktop Metal Inc,N/A
DMRC,Digimarc Corporation,Technology
DMS,Digital Media Solutions Inc,N/A
DMTK,DermTech Inc,Healthcare
DNAY,Codex DNA Inc,N/A
DNLI,Denali Therapeutics Inc,Healthcare
DNMR,Danimer Scientific Inc,N/A
DNOW,NOW Inc,Energy
DNUT,Krispy Kreme Inc,N/A
DOC,Physicians Realty Trust,Real Estate
DOCN,DigitalOcean Holdings Inc,N/A
DOMO,Domo Inc.,Technology
DOOR,Masonite International Corp,Industrials
DORM,Dorman Products Inc,Consumer Cyclical
DOUG,Douglas Elliman Inc,N/A
DRH,Diamondrock Hospitality Co.,Real Estate
DRIO,DarioHealth Corp,Healthcare
DRQ,"Dril-Quip, Inc.",Energy
DRRX,Durect Corp,Healthcare
DS,Drive Shack Inc,Consumer Cyclical
DSGN,Design Therapeutics Inc,N/A
DSKE,Daseke Inc,Industrials
DSP,Viant Technology Inc,N/A
DTC,Solo Brands Inc,N/A
DTIL,Precision Biosciences Inc,Healthcare
DVAX,Dynavax Technologies Corp.,Healthcare
DX,"Dynex Capital, Inc.",Real Estate
DXPE,"DXP Enterprises, Inc.",Industrials
DY,"Dycom Industries, Inc.",Industrials
DYN,Dyne Therapeutics Inc,N/A
DZSI,DZS Inc,Technology
EAF,GrafTech International Ltd.,Industrials
EAR,Eargo Inc,N/A
EAT,"Brinker International, Inc.",Consumer Cyclical
EB,Eventbrite Inc,Technology
EBC,Eastern Bankshares Inc.,N/A
EBET,EBET Inc,N/A
EBF,Ennis Inc.,Industrials
EBIX,Ebix Inc.,Technology
EBS,Emergent Biosolutions Inc,Healthcare
EBTC,"Enterprise Bancorp, Inc.",Financial Services
ECOL,US Ecology Inc.,Industrials
ECOM,ChannelAdvisor Corp,Technology
ECPG,"Encore Capital Group, Inc.",Financial Services
ECVT,Ecovyst Inc,N/A
EDIT,Editas Medicine Inc,Healthcare
EEX,Emerald Holding Inc,Communication Services
EFC,Ellington Financial Inc,Financial Services
EFSC,Enterprise Financial Services Corp.,Financial Services
EGAN,eGain Corp,Technology
EGBN,Eagle Bancorp Inc (MD),Financial Services
EGHT,8X8 Inc.,Technology
EGLE,Eagle Bulk Shipping Inc,Industrials
EGP,"Eastgroup Properties, Inc.",Real Estate
EGRX,Eagle Pharmaceuticals Inc,Healthcare
EHTH,eHealth Inc,Financial Services
EIG,Employers Holdings Inc,Financial Services
EIGR,Eiger BioPharmaceuticals Inc,Healthcare
ELF,e.l.f. Beauty Inc,Consumer Defensive
ELY,Callaway Golf Co.,Consumer Cyclical
ELYM,Eliem Therapeutics Inc,N/A
EME,"Emcor Group, Inc.",Industrials
EMKR,Emcore Corp.,Technology
ENDP,Endo International plc,Healthcare
ENFN,Enfusion Inc,N/A
ENR,Energizer Holdings Inc,Industrials
ENS,Enersys,Industrials
ENSG,Ensign Group Inc,Healthcare
ENTA,Enanta Pharmaceuticals Inc,Healthcare
ENV,Envestnet Inc.,Technology
ENVA,Enova International Inc.,Financial Services
EOLS,Evolus Inc,Healthcare
EOSE,Eos Energy Enterprises Inc,N/A
EPAC,Enerpac Tool Group Corp,Industrials
EPAY,Bottomline Technologies (Delaware) Inc,Technology
EPC,Edgewell Personal Care Co,Consumer Defensive
EPRT,Essential Properties Realty Trust Inc,Real Estate
EPZM,Epizyme Inc,Healthcare
EQBK,Equity Bancshares Inc,Financial Services
EQC,Equity Commonwealth,Real Estate
ERAS,Erasca Inc,N/A
ERII,Energy Recovery Inc,Industrials
ESCA,"Escalade, Inc.",Consumer Cyclical
ESE,"Esco Technologies, Inc.",Technology
ESGR,Enstar Group Limited,Financial Services
ESMT,Engagesmart Inc,N/A
ESNT,Essent Group Ltd,Financial Services
ESPR,Esperion Therapeutics Inc.,Healthcare
ESRT,Empire State Realty Trust Inc,Real Estate
ESTE,Earthstone Energy Inc,Energy
ETD,"Ethan Allen Interiors, Inc.",N/A
ETNB,89bio Inc,Healthcare
ETRN,Equitrans Midstream Corporation,Energy
ETWO,E2open Parent Holdings Inc,N/A
EVC,Entravision Communications Corp.,Communication Services
EVCM,EverCommerce Inc,N/A
EVER,EverQuote Inc,Communication Services
EVH,Evolent Health Inc,Healthcare
EVI,EVI Industries Inc,Industrials
EVLO,Evelo Biosciences Inc,Healthcare
EVOP,EVO Payments Inc,Technology
EVRI,Everi Holdings Inc,Consumer Cyclical
EVTC,Evertec Inc,Technology
EWCZ,European Wax Center Inc,N/A
EWTX,Edgewise Therapeutics Inc,N/A
EXLS,Exlservice Hldgs Inc,Technology
EXPI,eXp World Holdings Inc,Real Estate
EXPO,Exponent Inc.,Industrials
EXTR,Extreme Networks Inc.,Technology
EYE,National Vision Holdings Inc,Consumer Cyclical
EYPT,EyePoint Pharmaceuticals Inc,Healthcare
EZPW,"EZCorp, Inc.",Financial Services
FA,First Advantage Corp.,N/A
FARO,Faro Technologies Inc.,Technology
FATE,Fate Therapeutics Inc,Healthcare
FBC,"Flagstar Bancorp, Inc.",Financial Services
FBIO,Fortress Biotech Inc,Healthcare
FBK,FB Financial Corp,Financial Services
FBMS,First Bancshares Inc Miss,Financial Services
FBNC,First Bancorp,Financial Services
FBP,First Bancorp PR,Financial Services
FBRT,Franklin BSP Realty Trust Inc.,N/A
FBRX,Forte Biosciences Inc,N/A
FC,Franklin Covey Co.,Industrials
FCBC,First Community Bankshares Inc.,Financial Services
FCEL,Fuelcell Energy Inc,Industrials
FCF,First Commonwealth Financial Corp.,Financial Services
FCFS,FirstCash Holdings Inc,Financial Services
FCPT,Four Corners Property Trust Inc,Real Estate
FDBC,"Fidelity D&D Bancorp, Inc.",Financial Services
FDMT,4D Molecular Therapeutics Inc,N/A
FDP,Fresh Del Monte Produce Inc,Consumer Defensive
FELE,"Franklin Electric Co., Inc.",Industrials
FF,Futurefuel Corp,Basic Materials
FFBC,First Financial Bancorp,Financial Services
FFIC,Flushing Financial Corp.,Financial Services
FFIN,"First Financial Bankshares, Inc.",Financial Services
FFWM,First Foundation Inc,Financial Services
FGEN,FibroGen Inc,Healthcare
FHI,Federated Hermes Inc,Financial Services
FHTX,Foghorn Therapeutics Inc,N/A
FIBK,First Interstate BancSystem Inc.,Financial Services
FISI,Financial Institutions Inc.,Financial Services
FIX,"Comfort Systems USA, Inc.",Industrials
FIXX,Homology Medicines Inc,Healthcare
FIZZ,National Beverage Corp.,Consumer Defensive
FLGT,Fulgent Genetics Inc,Healthcare
FLIC,First Of Long Island Corp.,Financial Services
FLL,"Full House Resorts, Inc.",Consumer Cyclical
FLNT,Fluent Inc,Communication Services
FLR,Fluor Corporation,Industrials
FLWS,1-800 Flowers.com Inc.,Consumer Cyclical
FLXS,"Flexsteel Industries, Inc.",Consumer Cyclical
FLYW,Flywire Corp,N/A
FMBH,First Mid Bancshares Inc.,Financial Services
FMNB,Farmers National Banc Corp.,Financial Services
FMTX,Forma Therapeutics Holdings Inc,N/A
FN,Fabrinet,Technology
FNA,Paragon 28 Inc,N/A
FNCH,Finch Therapeutics Group Inc,N/A
FNKO,Funko Inc,Consumer Cyclical
FNLC,First Bancorp Inc (ME),Financial Services
FOA,Finance of America Companies Inc,N/A
FOCS,Focus Financial Partners Inc,Financial Services
FOE,Ferro Corp.,Basic Materials
FOLD,Amicus Therapeutics Inc,Healthcare
FOR,Forestar Group Inc,Real Estate
FORA,Forian Inc.,N/A
FORM,FormFactor Inc.,Technology
FORR,Forrester Research Inc.,Industrials
FOSL,Fossil Group Inc,Consumer Cyclical
FOXF,Fox Factory Holding Corp,Consumer Cyclical
FPI,Farmland Partners Inc,Real Estate
FRBA,First Bank (NJ),Financial Services
FRBK,"Republic First Bancorp, Inc.",Financial Services
FREE,Whole Earth Brands Inc,N/A
FREQ,Frequency Therapeutics Inc,Healthcare
FRG,Franchise Group Inc,Consumer Cyclical
FRGI,Fiesta Restaurant Group Inc,Consumer Cyclical
FRME,First Merchants Corp.,Financial Services
FRO,Frontline Ltd,Energy
FROG,JFrog Ltd,N/A
FRPH,FRP Holdings Inc,Real Estate
FRST,Primis Financial Corp,N/A
FSBC,Five Star Bancorp,Financial Services
FSBW,FS Bancorp Inc,Financial Services
FSP,Franklin Street Properties Corp.,Real Estate
FSR,Fisker Inc,N/A
FSS,Federal Signal Corp.,Industrials
FTCI,FTC Solar Inc,N/A
FTHM,Fathom Holdings Inc,N/A
FUBO,fuboTV Inc,N/A
FUL,H.B. Fuller Company,Basic Materials
FULC,Fulcrum Therapeutics Inc,Healthcare
FULT,Fulton Financial Corp.,Financial Services
FUV,Arcimoto Inc,Consumer Cyclical
FWRD,Forward Air Corp.,Industrials
FWRG,First Watch Restaurant Group Inc,N/A
FXLV,F45 Training Holdings Inc,N/A
GABC,German American Bancorp Inc,Financial Services
GAN,GAN Limited,N/A
GATO,Gatos Silver Inc,N/A
GATX,GATX Corp.,Industrials
GBCI,"Glacier Bancorp, Inc.",Financial Services
GBIO,Generation Bio Co,N/A
GBL,Gamco Investors Inc,Financial Services
GBOX,GreenBox POS,N/A
GBT,Global Blood Therapeutics Inc.,Healthcare
GBX,"Greenbrier Cos., Inc.",Industrials
GCI,Gannett Co Inc.,Communication Services
GCMG,GCM Grosvenor Inc,N/A
GCO,Genesco Inc.,Consumer Cyclical
GCP,GCP Applied Technologies Inc,Basic Materials
GDEN,Golden Entertainment Inc,Consumer Cyclical
GDOT,Green Dot Corp.,Financial Services
GDYN,Grid Dynamics Holdings Inc,Technology
GEF,Greif Inc,Consumer Cyclical
GEFB,Greif Inc,N/A
GEO,"Geo Group, Inc.",Real Estate
GERN,Geron Corp.,Healthcare
GES,Guess Inc.,Consumer Cyclical
GEVO,Gevo Inc,Basic Materials
GFF,Griffon Corp.,Industrials
GHC,Graham Holdings Co.,Consumer Defensive
GHL,Greenhill & Co Inc,Financial Services
GIC,Global Industrial Co,N/A
GIII,G-III Apparel Group Ltd.,Consumer Cyclical
GKOS,Glaukos Corporation,Healthcare
GLDD,Great Lakes Dredge & Dock Corporation,Industrials
GLNG,Golar Lng,Energy
GLRE,Greenlight Capital Re Ltd,Financial Services
GLSI,Greenwich LifeSciences Inc,N/A
GLT,Glatfelter Corporation,Basic Materials
GLUE,Monte Rosa Therapeutics Inc,N/A
GMRE,Global Medical REIT Inc,Real Estate
GMS,GMS Inc,Industrials
GMTX,Gemini Therapeutics Inc,N/A
GNK,Genco Shipping & Trading Limited,Industrials
GNL,Global Net Lease Inc,Real Estate
GNLN,Greenlane Holdings Inc,Healthcare
GNOG,Golden Nugget Online Gaming Inc,N/A
GNTY,"Guaranty Bancshares, Inc. (TX)",Financial Services
GNUS,Genius Brands International Inc,Communication Services
GNW,Genworth Financial Inc,Financial Services
GOEV,Canoo Inc,N/A
GOGO,Gogo Inc,Communication Services
GOLF,Acushnet Holdings Corp,Consumer Cyclical
GOOD,Gladstone Commercial Corp,Real Estate
GOSS,Gossamer Bio Inc,Healthcare
GPI,"Group 1 Automotive, Inc.",Consumer Cyclical
GPMT,Granite Point Mortgage Trust Inc,Real Estate
GPRE,Green Plains Inc,Basic Materials
GPRO,GoPro Inc.,Technology
GRBK,Green Brick Partners Inc,Consumer Cyclical
GRC,Gorman-Rupp Co.,Industrials
GRPH,Graphite Bio Inc,N/A
GRPN,Groupon Inc,Communication Services
GRTS,Gritstone Bio Inc,Healthcare
GRWG,GrowGeneration Corp,Consumer Cyclical
GSAT,Globalstar Inc.,Communication Services
GSBC,"Great Southern Bancorp, Inc.",Financial Services
GSHD,Goosehead Insurance Inc,Financial Services
GT,Goodyear Tire & Rubber Co.,Consumer Cyclical
GTBP,GT Biopharma Inc,Healthcare
GTHX,G1 Therapeutics Inc,Healthcare
GTLS,Chart Industries Inc,Industrials
GTN,"Gray Television, Inc.",Communication Services
GTY,Getty Realty Corp.,Real Estate
GTYH,GTY Technology Holdings Inc,Technology
GVA,Granite Construction Inc.,Industrials
GWRS,Global Water Resources Inc,Utilities
HA,"Hawaiian Holdings, Inc.",Industrials
HAE,Haemonetics Corp.,Healthcare
HAFC,Hanmi Financial Corp.,Financial Services
HALO,Halozyme Therapeutics Inc.,Healthcare
HARP,Harpoon Therapeutics Inc,Healthcare
HASI,Hannon Armstrong Sustainable Infrastructure capital Inc,Real Estate
HAYN,Haynes International Inc.,Industrials
HBB,Hamilton Beach Brands Holding Co,Technology
HBCP,Home Bancorp Inc,Financial Services
HBIO,Harvard Bioscience Inc.,Healthcare
HBNC,Horizon Bancorp Inc (IN),Financial Services
HBT,HBT Financial Inc,Financial Services
HCAT,Health Catalyst Inc,Healthcare
HCC,Warrior Met Coal Inc,Basic Materials
HCCI,Heritage-Crystal Clean Inc,Industrials
HCI,HCI Group Inc,Financial Services
HCKT,Hackett Group Inc (The),Technology
HCSG,"Healthcare Services Group, Inc.",Healthcare
HEAR,Turtle Beach Corp,Technology
HEES,H&E Equipment Services Inc,Industrials
HELE,Helen of Troy Ltd,Consumer Defensive
HFFG,HF Foods Group Inc.,Consumer Defensive
HFWA,Heritage Financial Corp.,Financial Services
HGEN,Humanigen Inc,Healthcare
HGV,Hilton Grand Vacations Inc,Consumer Cyclical
HI,Hillenbrand Inc,Industrials
HIBB,Hibbett Inc,Consumer Cyclical
HIFS,Hingham Institution For Savings,Financial Services
HL,Hecla Mining Co.,Basic Materials
HLI,Houlihan Lokey Inc,Financial Services
HLIO,Helios Technologies Inc,Industrials
HLIT,"Harmonic, Inc.",Technology
HLNE,Hamilton Lane Inc,Financial Services
HLTH,Cue Health Inc,N/A
HLX,Helix Energy Solutions Group Inc,Energy
HMN,Horace Mann Educators Corp.,Financial Services
HMPT,Home Point Capital Inc,N/A
HMST,HomeStreet Inc,Financial Services
HMTV,Hemisphere Media Group Inc,Communication Services
HNGR,Hanger Inc,Healthcare
HNI,HNI Corp.,Industrials
HNST,Honest Company Inc (The ),N/A
HOFT,Hooker Furnishings Corporation,Consumer Cyclical
HOFV,Hall of Fame Resort & Entertainment Company,N/A
HOMB,Home Bancshares Inc,Financial Services
HONE,HarborOne Bancorp Inc.,Financial Services
HOOK,Hookipa Pharma Inc,Healthcare
HOPE,Hope Bancorp Inc,Financial Services
HOV,"Hovnanian Enterprises, Inc.",Consumer Cyclical
HOWL,Werewolf Therapeutics Inc,N/A
HP,"Helmerich & Payne, Inc.",Energy
HPK,HighPeak Energy Inc,N/A
HQI,HireQuest Inc,Industrials
HQY,Healthequity Inc,Healthcare
HR,Healthcare Realty Trust Inc,Real Estate
HRI,Herc Holdings Inc,Industrials
HRMY,Harmony Biosciences Holdings Inc,N/A
HRT,HireRight Holdings Corp,N/A
HRTG,Heritage Insurance Holdings Inc.,Financial Services
HRTX,Heron Therapeutics Inc,Healthcare
HSC,Harsco Corp.,Industrials
HSII,"Heidrick & Struggles International, Inc.",Industrials
HSKA,Heska Corp.,Healthcare
HSTM,Healthstream Inc,Healthcare
HT,Hersha Hospitality Trust,Real Estate
HTBI,HomeTrust Bancshares Inc,Financial Services
HTBK,Heritage Commerce Corp.,Financial Services
HTH,Hilltop Holdings Inc,Financial Services
HTLD,"Heartland Express, Inc.",Industrials
HTLF,"Heartland Financial USA, Inc.",Financial Services
HUBG,"Hub Group, Inc.",Industrials
HURN,Huron Consulting Group Inc,Industrials
HVT,"Haverty Furniture Cos., Inc.",Consumer Cyclical
HWC,Hancock Whitney Corp.,Financial Services
HWKN,Hawkins Inc,Basic Materials
HY,Hyster-Yale Materials Handling Inc,Industrials
HYFM,Hydrofarm Holdings Group Inc,N/A
HYLN,Hyliion Holdings Corporation,N/A
HYRE,HyreCar Inc,Industrials
HZO,"Marinemax, Inc.",Consumer Cyclical
IAS,Integral Ad Science Holding Corp,N/A
IBCP,"Independent Bank Corporation (Ionia, MI)",Financial Services
IBEX,IBEX Ltd,N/A
IBIO,iBio Inc,Healthcare
IBOC,International Bancshares Corp.,Financial Services
IBP,Installed Building Products Inc,Industrials
IBRX,ImmunityBio Inc,N/A
IBTX,Independent Bank Group Inc,Financial Services
ICAD,Icad Inc,Healthcare
ICFI,"ICF International, Inc",Industrials
ICHR,Ichor Holdings Ltd,Technology
ICPT,Intercept Pharmaceuticals Inc,Healthcare
ICVX,Icosavax Inc,N/A
IDCC,Interdigital Inc,Communication Services
IDEX,Ideanomics Inc,Technology
IDT,IDT Corp.,Communication Services
IDYA,Ideaya Biosciences Inc,Healthcare
IEA,Infrastructure and Energy Alternatives Inc,Industrials
IESC,IES Holdings Inc,Industrials
IGMS,IGM Biosciences Inc,Healthcare
IGT,International Game Technology PLC,Consumer Cyclical
IHRT,iHeartMedia Inc,Communication Services
IIIN,"Insteel Industries, Inc.",Industrials
IIIV,i3 Verticals Inc,Technology
IIPR,Innovative Industrial Properties Inc,Real Estate
IIVI,Ii-Vi Inc.,Technology
IKNA,Ikena Oncology Inc,N/A
ILPT,Industrial Logistics Properties Trust,Real Estate
IMAX,Imax Corp,Communication Services
IMGN,"Immunogen, Inc.",Healthcare
IMGO,Imago BioSciences Inc,N/A
IMKTA,"Ingles Markets, Inc.",Consumer Defensive
IMPL,Impel Pharmaceuticals Inc,N/A
IMRX,Immuneering Corp,N/A
IMUX,Immunic Inc,Healthcare
IMVT,Immunovant Inc,Healthcare
IMXI,International Money Express Inc.,Technology
INBK,First Internet Bancorp,Financial Services
INBX,Inhibrx Inc,N/A
INDB,Independent Bank Corp.,Financial Services
INDT,INDUS Realty Trust Inc,N/A
INFI,Infinity Pharmaceuticals Inc.,Healthcare
INFN,Infinera Corp.,Technology
INFU,InfuSystem Holdings Inc,Healthcare
INGN,Inogen Inc,Healthcare
INN,Summit Hotel Properties Inc,Real Estate
INNV,InnovAge Holding Corp,N/A
INO,Inovio Pharmaceuticals Inc,Healthcare
INSG,Inseego Corp,Technology
INSM,Insmed Inc,Healthcare
INSP,Inspire Medical Systems Inc,Healthcare
INST,Instructure Holdings Inc,N/A
INSW,International Seaways Inc,Industrials
INT,World Fuel Services Corp.,Energy
INTA,Intapp Inc,N/A
INVA,Innoviva Inc,Healthcare
INVE,Identiv Inc,Technology
INZY,Inozyme Pharma Inc,N/A
IOSP,Innospec Inc,Basic Materials
IPAR,"Inter Parfums, Inc.",Consumer Defensive
IPI,Intrepid Potash Inc,Basic Materials
IPSC,Century Therapeutics Inc,N/A
IRBT,Irobot Corp,Technology
IRDM,Iridium Communications Inc,Communication Services
IRMD,Iradimed Corp,Healthcare
IRT,Independence Realty Trust Inc,Real Estate
IRTC,iRhythm Technologies Inc,Healthcare
IRWD,Ironwood Pharmaceuticals Inc,Healthcare
ISEE,IVERIC bio Inc,Healthcare
ISO,IsoPlexis Corp,N/A
ITCI,Intra-Cellular Therapies Inc,Healthcare
ITGR,Integer Holdings Corp,Healthcare
ITI,Iteris Inc.,Technology
ITIC,Investors Title Co.,Financial Services
ITOS,ITeos Therapeutics Inc,N/A
ITRI,Itron Inc.,Technology
IVC,Invacare Corp.,Healthcare
IVR,Invesco Mortgage Capital Inc,Real Estate
JACK,"Jack In The Box, Inc.",Consumer Cyclical
JANX,Janux Therapeutics Inc,N/A
JBSS,"Sanfilippo (John B.) & Son, Inc",Consumer Defensive
JBT,John Bean Technologies Corp,Industrials
JELD,JELD-WEN Holding Inc.,Industrials
JJSF,J&J Snack Foods Corp.,Consumer Defensive
JNCE,Jounce Therapeutics Inc,Healthcare
JOAN,JOANN Inc,N/A
JOE,St. Joe Co.,Real Estate
JOUT,Johnson Outdoors Inc,Consumer Cyclical
JRVR,James River Group Holdings Ltd,Financial Services
JYNT,Joint Corp,Healthcare
KAI,"Kadant, Inc.",Industrials
KALA,Kala Pharmaceuticals Inc,Healthcare
KALU,Kaiser Aluminum Corp,Basic Materials
KALV,KalVista Pharmaceuticals Inc,Healthcare
KAMN,Kaman Corp.,Industrials
KAR,KAR Auction Services Inc,Consumer Cyclical
KBAL,"Kimball International, Inc.",Consumer Cyclical
KBH,KB Home,Consumer Cyclical
KBR,KBR Inc,Industrials
KDNY,Chinook Therapeutics Inc,N/A
KE,Kimball Electronics Inc,Industrials
KELYA,"Kelly Services, Inc.",Industrials
KFRC,Kforce Inc.,Industrials
KFY,Korn Ferry,Industrials
KIDS,OrthoPediatrics corp,Healthcare
KIRK,Kirkland`s Inc,Consumer Cyclical
KLDO,Kaleido Biosciences Inc,Healthcare
KLIC,"Kulicke & Soffa Industries, Inc.",Technology
KLTR,Kaltura Inc,N/A
KMPH,KemPharm Inc,Healthcare
KMT,Kennametal Inc.,Industrials
KN,Knowles Corp,Technology
KNSA,Kiniksa Pharmaceuticals Ltd,Healthcare
KNSL,Kinsale Capital Group Inc,Financial Services
KNTE,Kinnate Biopharma Inc,N/A
KNTK,Kinetik Holdings Inc,N/A
KOD,Kodiak Sciences Inc,Healthcare
KODK,Eastman Kodak Co.,Industrials
KOP,Koppers Holdings Inc,Basic Materials
KOPN,Kopin Corp.,Technology
KOS,Kosmos Energy Ltd,Energy
KPTI,Karyopharm Therapeutics Inc,Healthcare
KREF,KKR Real Estate Finance Trust Inc,Real Estate
KRG,Kite Realty Group Trust,Real Estate
KRNY,Kearny Financial Corp.,Financial Services
KRO,"Kronos Worldwide, Inc.",Basic Materials
KRON,Kronos Bio Inc,N/A
KROS,Keros Therapeutics Inc,Healthcare
KRT,Karat Packaging Inc,N/A
KRTX,Karuna Therapeutics Inc,Healthcare
KRUS,Kura Sushi USA Inc,Consumer Cyclical
KRYS,Krystal Biotech Inc,Healthcare
KTB,Kontoor Brands Inc,Consumer Cyclical
KTOS,Kratos Defense & Security Solutions Inc,Industrials
KURA,Kura Oncology Inc,Healthcare
KVHI,"KVH Industries, Inc.",Technology
KW,Kennedy-Wilson Holdings Inc,Real Estate
KWR,Quaker Houghton,Basic Materials
KYMR,Kymera Therapeutics Inc,N/A
KZR,Kezar Life Sciences Inc,Healthcare
LAB,Standard BioTools Inc,N/A
LABP,Landos Biopharma Inc,N/A
LADR,Ladder Capital Corp,Real Estate
LANC,Lancaster Colony Corp.,Consumer Defensive
LAND,Gladstone Land Corp,Real Estate
LASR,nLIGHT Inc,Technology
LAUR,Laureate Education Inc,Consumer Defensive
LAW,CS Disco Inc,N/A
LAZY,Lazydays Holdings Inc,Consumer Cyclical
LBAI,"Lakeland Bancorp, Inc.",Financial Services
LBC,Luther Burbank Corp,Financial Services
LBRT,Liberty Energy Inc,Energy
LC,LendingClub Corp,Financial Services
LCII,LCI Industries,Consumer Cyclical
LCTX,Lineage Cell Therapeutics Inc,Healthcare
LCUT,"Lifetime Brands, Inc.",Consumer Cyclical
LE,"Lands` End, Inc.",Consumer Cyclical
LEGH,Legacy Housing Corp,Consumer Cyclical
LEU,Centrus Energy Corp,Energy
LFST,LifeStance Health Group Inc,N/A
LGFA,Lions Gate Entertainment Corp.,N/A
LGFB,Lions Gate Entertainment Corp.,N/A
LGIH,LGI Homes Inc,Consumer Cyclical
LGND,"Ligand Pharmaceuticals, Inc.",Healthcare
LHCG,LHC Group Inc,Healthcare
LILA,Liberty Latin America Ltd,Communication Services
LILAK,Liberty Latin America Ltd,Communication Services
LIND,Lindblad Expeditions Holdings Inc,Consumer Cyclical
LIVN,LivaNova PLC,Healthcare
LKFN,Lakeland Financial Corp.,Financial Services
LL,LL Flooring Holdings Inc,Consumer Cyclical
LLNW,Limelight Networks Inc,Technology
LMAT,Lemaitre Vascular Inc,Healthcare
LMNR,Limoneira Co,Consumer Defensive
LNDC,Landec Corp.,Consumer Defensive
LNN,Lindsay Corporation,Industrials
LNTH,Lantheus Holdings Inc,Healthcare
LOB,Live Oak Bancshares Inc,Financial Services
LOCO,El Pollo Loco Holdings Inc,Consumer Cyclical
LOTZ,CarLotz Inc,N/A
LOVE,Lovesac Company,Consumer Cyclical
LPG,Dorian LPG Ltd,Energy
LPI,Laredo Petroleum Inc.,Energy
LPRO,Open Lending Corp,N/A
LPSN,Liveperson Inc,Technology
LQDT,Liquidity Services Inc,Consumer Cyclical
LRN,Stride Inc,Consumer Defensive
LSCC,Lattice Semiconductor Corp.,Technology
LSEA,Landsea Homes Corporation,N/A
LSF,Laird Superfood Inc,N/A
LTC,"LTC Properties, Inc.",Real Estate
LTH,Life Time Group Holdings Inc,N/A
LTHM,Livent Corp,Basic Materials
LTRPA,Liberty TripAdvisor Holdings Inc,Communication Services
LUNA,Luna Innovations Inc,Technology
LUNG,Pulmonx Corp,N/A
LVLU,Lulus Fashion Lounge Holdings Inc,N/A
LVO,LiveOne Inc,N/A
LXFR,Luxfer Holdings PLC,Industrials
LXP,LXP Industrial Trust,Real Estate
LXRX,Lexicon Pharmaceuticals Inc,Healthcare
LYEL,Lyell Immunopharma Inc,N/A
LZB,La-Z-Boy Inc.,Consumer Cyclical
M,Macy`s Inc,Consumer Cyclical
MAC,Macerich Co.,Real Estate
MANT,Mantech International Corp,Technology
MARA,Marathon Digital Holdings Inc,Financial Services
MASS,908 Devices Inc,N/A
MATW,Matthews International Corp.,Industrials
MATX,Matson Inc,Industrials
MAX,MediaAlpha Inc,N/A
MAXR,Maxar Technologies Inc,Technology
MBI,MBIA Inc.,Financial Services
MBII,Pro Farm Group Inc,Basic Materials
MBIN,Merchants Bancorp,Financial Services
MBIO,Mustang Bio Inc,Healthcare
MBUU,Malibu Boats Inc,Consumer Cyclical
MBWM,Mercantile Bank Corp.,Financial Services
MC,Moelis & Co,Financial Services
MCB,Metropolitan Bank Holding Corp,Financial Services
MCBC,Macatawa Bank Corp.,Financial Services
MCBS,MetroCity Bankshares Inc,Financial Services
MCFT,MasterCraft Boat Holdings Inc,Consumer Cyclical
MCRB,Seres Therapeutics Inc,Healthcare
MCRI,"Monarch Casino & Resort, Inc.",Consumer Cyclical
MCS,Marcus Corp.,Communication Services
MD,Pediatrix Medical Group Inc,Healthcare
MDC,"M.D.C. Holdings, Inc.",Consumer Cyclical
MDGL,Madrigal Pharmaceuticals Inc,Healthcare
MDRX,Allscripts Healthcare Solutions Inc,Healthcare
MDVL,MedAvail Holdings Inc,N/A
MDXG,Mimedx Group Inc,Healthcare
MEC,Mayville Engineering Company Inc,Industrials
MED,Medifast Inc,Consumer Cyclical
MEDP,Medpace Holdings Inc,Healthcare
MEG,Montrose Environmental Group Inc,N/A
MEI,"Methode Electronics, Inc.",Technology
MEIP,MEI Pharma Inc,Healthcare
MESA,Mesa Air Group Inc.,Industrials
MFA,MFA Financial Inc,Real Estate
MG,Mistras Group Inc,Industrials
MGEE,"MGE Energy, Inc.",Utilities
MGI,Moneygram International Inc.,Financial Services
MGNI,Magnite Inc,N/A
MGNX,Macrogenics Inc,Healthcare
MGPI,"MGP Ingredients, Inc.",Consumer Defensive
MGRC,McGrath Rentcorp,Industrials
MGTA,Magenta Therapeutics Inc,Healthcare
MGTX,MeiraGTx Holdings plc,Healthcare
MGY,Magnolia Oil & Gas Corp,Energy
MHLD,Maiden Holdings Ltd,Financial Services
MHO,MI Homes Inc.,Consumer Cyclical
MILE,Metromile Inc,N/A
MIME,Mimecast Ltd,Technology
MIRM,Mirum Pharmaceuticals Inc,Healthcare
MITK,Mitek Systems Inc,Technology
MLAB,"Mesa Laboratories, Inc.",Technology
MLI,"Mueller Industries, Inc.",Industrials
MLKN,MillerKnoll Inc,N/A
MLNK,MeridianLink Inc,N/A
MLR,Miller Industries Inc.,Consumer Cyclical
MMAT,Meta Materials Inc,N/A
MMI,Marcus & Millichap Inc,Real Estate
MMS,Maximus Inc.,Industrials
MMSI,"Merit Medical Systems, Inc.",Healthcare
MNKD,Mannkind Corp,Healthcare
MNRL,Brigham Minerals Inc,Energy
MNRO,Monro Inc,Consumer Cyclical
MNTV,Momentive Global Inc,N/A
MOD,Modine Manufacturing Co.,Consumer Cyclical
MODN,Model N Inc,Technology
MODV,ModivCare Inc,N/A
MOFG,MidWestOne Financial Group Inc,Financial Services
MOGA,"Moog, Inc.",N/A
MORF,Morphic Holding Inc,Healthcare
MOV,"Movado Group, Inc.",Consumer Cyclical
MP,MP Materials Corporation,N/A
MPAA,Motorcar Parts of America Inc.,Consumer Cyclical
MPB,"Mid Penn Bancorp, Inc.",Financial Services
MPLN,MultiPlan Corp,N/A
MPX,Marine Products Corp,Consumer Cyclical
MRC,MRC Global Inc,Energy
MRNS,Marinus Pharmaceuticals Inc,Healthcare
MRSN,Mersana Therapeutics Inc,Healthcare
MRTN,"Marten Transport, Ltd.",Industrials
MSBI,Midland States Bancorp Inc,Financial Services
MSEX,Middlesex Water Co.,Utilities
MSGE,Madison Square Garden Entertainment Corp,N/A
MSTR,Microstrategy Inc.,Technology
MTDR,Matador Resources Co,Energy
MTEM,Molecular Templates Inc,Healthcare
MTH,Meritage Homes Corp.,Consumer Cyclical
MTOR,Meritor Inc,Consumer Cyclical
MTRN,Materion Corp,Basic Materials
MTRX,Matrix Service Co.,Energy
MTSI,MACOM Technology Solutions Holdings Inc,Technology
MTW,"Manitowoc Co., Inc.",Industrials
MTX,"Minerals Technologies, Inc.",Basic Materials
MUR,Murphy Oil Corp.,Energy
MUSA,Murphy USA Inc,Consumer Cyclical
MVBF,MVB Financial Corp.,Financial Services
MVIS,Microvision Inc.,Technology
MWA,Mueller Water Products Inc,Industrials
MXCT,Methanex Corp.,N/A
MXL,MaxLinear Inc,Technology
MYE,Myers Industries Inc.,Consumer Cyclical
MYGN,"Myriad Genetics, Inc.",Healthcare
MYRG,MYR Group Inc,Industrials
NAPA,Duckhorn Portfolio Inc (The),N/A
NARI,Inari Medical Inc,N/A
NAT,Nordic American Tankers Ltd,Industrials
NATH,"Nathan`s Famous, Inc.",Consumer Cyclical
NATR,"Nature`s Sunshine Products, Inc.",Consumer Defensive
NAVI,Navient Corp,Financial Services
NBEV,NewAge Inc,Consumer Defensive
NBHC,National Bank Holdings Corp,Financial Services
NBR,Nabors Industries Ltd,Energy
NBTB,NBT Bancorp. Inc.,Financial Services
NCBS,Nicolet Bankshares Inc.,Financial Services
NCMI,National Cinemedia Inc,Communication Services
NDLS,Noodles & Company,Consumer Cyclical
NEO,Neogenomics Inc.,Healthcare
NEOG,Neogen Corp.,Healthcare
NESR,National Energy Services Reunited Corp,Energy
NEX,NexTier Oilfield Solutions Inc,Energy
NEXI,Neximmune Inc,N/A
NFBK,Northfield Bancorp Inc,Financial Services
NG,Novagold Resources Inc.,Basic Materials
NGM,Ngm Biopharmaceuticals Inc,Healthcare
NGMS,NeoGames SA,N/A
NGVC,Natural Grocers by Vitamin Cottage Inc,Consumer Defensive
NGVT,Ingevity Corp,Basic Materials
NH,NantHealth Inc,Healthcare
NHC,National Healthcare Corp.,Healthcare
NHI,"National Health Investors, Inc.",Real Estate
NJR,New Jersey Resources Corporation,Utilities
NKLA,Nikola Corporation,N/A
NKTX,Nkarta Inc,N/A
NL,"NL Industries, Inc.",Industrials
NLS,Nautilus Inc,Consumer Cyclical
NLTX,Neoleukin Therapeutics Inc,Healthcare
NMIH,NMI Holdings Inc,Financial Services
NMRK,Newmark Group Inc,Real Estate
NMTR,9 Meters Biopharma Inc,N/A
NNBR,NN Inc,Industrials
NNI,Nelnet Inc,Financial Services
NODK,NI Holdings Inc,Financial Services
NOG,Northern Oil and Gas Inc.,Energy
NOTV,Inotiv Inc,N/A
NOVA,Sunnova Energy International Inc,Technology
NOVT,Novanta Inc,Technology
NP,Neenah Inc,Basic Materials
NPCE,NeuroPace Inc,N/A
NPK,"National Presto Industries, Inc.",Industrials
NPO,EnPro Industries Inc,Industrials
NPTN,NeoPhotonics Corporation,Technology
NR,"Newpark Resources, Inc.",Energy
NRC,National Research Corp,Healthcare
NRIM,"Northrim Bancorp, Inc.",Financial Services
NRIX,Nurix Therapeutics Inc,N/A
NSA,National Storage Affiliates Trust,Real Estate
NSIT,Insight Enterprises Inc.,Technology
NSP,Insperity Inc,Industrials
NSSC,NAPCO Security Technologies Inc,Industrials
NSTG,Nanostring Technologies Inc,Healthcare
NTB,The Bank of N.T. Butterfield & Son Ltd.,Financial Services
NTCT,Netscout Systems Inc,Technology
NTGR,Netgear Inc,Technology
NTLA,Intellia Therapeutics Inc,Healthcare
NTST,Netstreit Corp,N/A
NTUS,Natus Medical Inc,Healthcare
NUS,"Nu Skin Enterprises, Inc.",Consumer Defensive
NUVA,Nuvasive Inc,Healthcare
NUVB,Nuvation Bio Inc,N/A
NUVL,Nuvalent Inc,N/A
NVEC,NVE Corp,Technology
NVEE,NV5 Global Inc,Industrials
NVRO,Nevro Corp,Healthcare
NVTA,Invitae Corp,Healthcare
NWBI,Northwest Bancshares Inc,Financial Services
NWE,Northwestern Corp.,Utilities
NWLI,National Western Life Group Inc,Financial Services
NWN,Northwest Natural Holding Co,Utilities
NWPX,Northwest Pipe Co.,Industrials
NX,Quanex Building Products Corp,Industrials
NXGN,NextGen Healthcare Inc,Healthcare
NXRT,NexPoint Residential Trust Inc,Real Estate
NYMT,New York Mortgage Trust Inc,Real Estate
OAS,Oasis Petroleum Inc.,Energy
OB,Outbrain Inc,N/A
OBNK,Origin Bancorp Inc,Financial Services
OCDX,Ortho Clinical Diagnostics Holdings plc,N/A
OCFC,OceanFirst Financial Corp.,Financial Services
OCGN,Ocugen Inc,Healthcare
OCN,Ocwen Financial Corp.,Financial Services
OCUL,Ocular Therapeutix Inc,Healthcare
OCX,Oncocyte Corporation,Healthcare
ODC,Oil-Dri Corp. Of America,Basic Materials
ODP,ODP Corporation (The),Consumer Cyclical
OEC,Orion Engineered Carbons S.A.,Basic Materials
OFC,Corporate Office Properties Trust,Real Estate
OFG,OFG Bancorp,Financial Services
OFIX,Orthofix Medical Inc,Healthcare
OFLX,Omega Flex Inc,Industrials
OGS,ONE Gas Inc,Utilities
OI,O-I Glass Inc,Consumer Cyclical
OII,"Oceaneering International, Inc.",Energy
OIS,"Oil States International, Inc.",Energy
OLMA,Olema Pharmaceuticals Inc,N/A
OLP,"One Liberty Properties, Inc.",Real Estate
OM,Outset Medical Inc,N/A
OMCL,"Omnicell, Inc.",Healthcare
OMER,Omeros Corporation,Healthcare
OMGA,Omega Therapeutics Inc,N/A
OMI,"Owens & Minor, Inc.",Healthcare
OMIC,Singular Genomics Systems Inc,N/A
ONB,Old National Bancorp,Financial Services
ONCR,Oncorus Inc,N/A
ONCT,Oncternal Therapeutics Inc,Healthcare
ONEM,1life Healthcare Inc,Healthcare
ONEW,Onewater Marine Inc,Consumer Cyclical
ONTF,ON24 Inc,N/A
ONTO,Onto Innovation Inc.,Technology
OOMA,Ooma Inc,Communication Services
OPCH,Option Care Health Inc.,Healthcare
OPI,Office Properties Income Trust,Real Estate
OPK,Opko Health Inc,Healthcare
OPRT,Oportun Financial Corp,Financial Services
OPRX,OptimizeRx Corp,Healthcare
OPY,Oppenheimer Holdings Inc,Financial Services
ORA,Ormat Technologies Inc,Utilities
ORC,Orchid Island Capital Inc,Real Estate
ORGO,Organogenesis Holdings Inc,Healthcare
ORIC,ORIC Pharmaceuticals Inc,N/A
ORMP,"Oramed Pharmaceuticals, Inc",Healthcare
ORRF,"Orrstown Financial Services, Inc.",Financial Services
OSBC,Old Second Bancorporation Inc.,Financial Services
OSIS,"OSI Systems, Inc.",Technology
OSPN,OneSpan Inc,Technology
OSTK,Overstock.com Inc,Consumer Cyclical
OSUR,Orasure Technologies Inc.,Healthcare
OSW,OneSpaWorld Holdings Limited,Consumer Cyclical
OTLK,Outlook Therapeutics Inc,Healthcare
OTRK,Ontrak Inc,N/A
OTTR,Otter Tail Corporation,Utilities
OUST,Ouster Inc,N/A
OUT,Outfront Media Inc,Real Estate
OVV,Ovintiv Inc,Energy
OXM,"Oxford Industries, Inc.",Consumer Cyclical
OYST,Oyster Point Pharma Inc,Healthcare
PACB,Pacific Biosciences of California Inc,Healthcare
PACK,Ranpak Holdings Corp,Consumer Cyclical
PAHC,Phibro Animal Health Corp.,Healthcare
PAR,Par Technology Corp.,Technology
PARR,Par Pacific Holdings Inc,Energy
PASG,Passage Bio Inc,Healthcare
PATK,"Patrick Industries, Inc.",Industrials
PAVM,PAVmed Inc,Healthcare
PAYA,Paya Holdings Inc,N/A
PBF,PBF Energy Inc,Energy
PBFS,Pioneer Bancorp Inc,Financial Services
PBH,Prestige Consumer Healthcare Inc,Healthcare
PBI,"Pitney Bowes, Inc.",Industrials
PBYI,Puma Biotechnology Inc,Healthcare
PCH,PotlatchDeltic Corp,Real Estate
PCRX,Pacira BioSciences Inc,Healthcare
PCSB,PCSB Financial Corp,Financial Services
PCT,PureCycle Technologies Inc,N/A
PCVX,Vaxcyte Inc,N/A
PCYO,Pure Cycle Corp.,Utilities
PD,Pagerduty Inc,Technology
PDCE,PDC Energy Inc,Energy
PDCO,Patterson Companies Inc.,Healthcare
PDFS,PDF Solutions Inc.,Technology
PDLI,PDL Biopharma Inc,Healthcare
PDM,Piedmont Office Realty Trust Inc,Real Estate
PEB,Pebblebrook Hotel Trust,Real Estate
PEBO,"Peoples Bancorp, Inc. (Marietta, OH)",Financial Services
PECO,Phillips Edison & Company Inc,N/A
PETQ,PetIQ Inc,Healthcare
PETS,"Petmed Express, Inc.",Healthcare
PFBC,"Preferred Bank (Los Angeles, CA)",Financial Services
PFC,Premier Financial Corp,N/A
PFGC,Performance Food Group Company,Consumer Defensive
PFIS,Peoples Financial Services Corp,Financial Services
PFS,Provident Financial Services Inc,Financial Services
PFSI,PennyMac Financial Services Inc.,Financial Services
PGC,Peapack-Gladstone Financial Corp.,Financial Services
PGEN,Precigen Inc,Healthcare
PGNY,Progyny Inc,Healthcare
PGRE,Paramount Group Inc,Real Estate
PGTI,PGT Innovations Inc,Industrials
PHAT,Phathom Pharmaceuticals Inc,Healthcare
PHR,Phreesia Inc,Healthcare
PI,Impinj Inc,Technology
PING,Ping Identity Holding Corp,Technology
PIPR,Piper Sandler Co`s,Financial Services
PJT,PJT Partners Inc,Financial Services
PKE,Park Aerospace Corp,Industrials
PKOH,Park-Ohio Holdings Corp.,Industrials
PLAB,"Photronics, Inc.",Technology
PLAY,Dave & Buster`s Entertainment Inc,Consumer Cyclical
PLBY,PLBY Group Inc,N/A
PLCE,Childrens Place Inc,Consumer Cyclical
PLM,Polymet Mining Corp,Basic Materials
PLMR,Palomar Holdings Inc,Financial Services
PLOW,Douglas Dynamics Inc,Consumer Cyclical
PLPC,Preformed Line Products Co.,Industrials
PLRX,Pliant Therapeutics Inc,N/A
PLSE,Pulse Biosciences Inc,Healthcare
PLUS,ePlus Inc,Technology
PLXS,Plexus Corp.,Technology
PLYM,Plymouth Industrial Reit Inc,Real Estate
PMT,Pennymac Mortgage Investment Trust,Real Estate
PMVP,PMV Pharmaceuticals Inc,N/A
PNM,PNM Resources Inc,Utilities
PNTG,Pennant Group Inc,Healthcare
POLY,"Plantronics, Inc.",N/A
POR,Portland General Electric Co,Utilities
POWI,Power Integrations Inc.,Technology
POWL,"Powell Industries, Inc.",Industrials
POWW,AMMO Inc,Consumer Cyclical
PPBI,"Pacific Premier Bancorp, Inc.",Financial Services
PPTA,Perpetua Resources Corp.,N/A
PRA,Proassurance Corporation,Financial Services
PRAA,PRA Group Inc,Financial Services
PRAX,Praxis Precision Medicines Inc,N/A
PRCH,Porch Group Inc,N/A
PRCT,Procept BioRobotics Corp,N/A
PRDO,Perdoceo Education Corporation,Consumer Defensive
PRFT,Perficient Inc.,Technology
PRG,PROG Holdings Inc,N/A
PRGS,Progress Software Corp.,Technology
PRIM,Primoris Services Corp,Industrials
PRK,Park National Corp.,Financial Services
PRLB,Proto Labs Inc,Industrials
PRLD,Prelude Therapeutics Inc,N/A
PRMW,Primo Water Corporation,Consumer Defensive
PRO,Pros Holdings Inc,Technology
PRPL,Purple Innovation Inc,Consumer Cyclical
PRTA,Prothena Corporation plc,Healthcare
PRTG,Portage Biotech Inc,N/A
PRTH,Priority Technology Holdings Inc,Technology
PRTK,Paratek Pharmaceuticals Inc.,Healthcare
PRTS,CarParts.com Inc,Consumer Cyclical
PRTY,Party City Holdco Inc,Consumer Cyclical
PRVA,Privia Health Group Inc,N/A
PRVB,Provention Bio Inc,Healthcare
PSB,"PS Business Parks, Inc.",Real Estate
PSMT,Pricesmart Inc.,Consumer Defensive
PSN,Parsons Corp,Industrials
PSNL,Personalis Inc,Healthcare
PSTL,Postal Realty Trust Inc,Real Estate
PSTX,Poseida Therapeutics Inc,N/A
PTCT,PTC Therapeutics Inc,Healthcare
PTEN,Patterson-UTI Energy Inc,Energy
PTGX,Protagonist Therapeutics Inc,Healthcare
PTLO,Portillos Inc,N/A
PTSI,"P.A.M. Transportation Services, Inc.",Industrials
PTVE,Pactiv Evergreen Inc,N/A
PUMP,ProPetro Holding Corp,Energy
PVBC,Provident Bancorp Inc,Financial Services
PWSC,PowerSchool Holdings Inc,N/A
PYXS,Pyxis Oncology Inc,N/A
PZN,Pzena Investment Management Inc,Financial Services
PZZA,"Papa John`s International, Inc.",Consumer Cyclical
QCRH,"QCR Holding, Inc.",Financial Services
QLYS,Qualys Inc,Technology
QMCO,Quantum Corp,Technology
QNST,QuinStreet Inc,Communication Services
QTNT,Quotient Ltd,Healthcare
QTRX,Quanterix Corp,Healthcare
QTWO,Q2 Holdings Inc,Technology
QUOT,Quotient Technology Inc,Communication Services
RAD,Rite Aid Corp.,Healthcare
RADI,Radius Global Infrastructure Inc,N/A
RAIN,Rain Therapeutics Inc,N/A
RAMP,LiveRamp Holdings Inc,Technology
RAPT,RAPT Therapeutics Inc,Healthcare
RBB,RBB Bancorp,Financial Services
RBBN,Ribbon Communications Inc,Communication Services
RBCAA,"Republic Bancorp, Inc. (KY)",Financial Services
RC,Ready Capital Corp,Real Estate
RCEL,AVITA Medical Inc,Healthcare
RCII,Rent-a-Center Inc.,Industrials
RCKT,Rocket Pharmaceuticals Inc,Healthcare
RCKY,"Rocky Brands, Inc",Consumer Cyclical
RCM,R1 RCM Inc.,Healthcare
RCUS,Arcus Biosciences Inc,Healthcare
RDFN,Redfin Corp,Real Estate
RDN,"Radian Group, Inc.",Financial Services
RDNT,Radnet Inc,Healthcare
RDUS,Radius Health Inc.,Healthcare
REAL,Therealreal Inc,Consumer Cyclical
REFI,Chicago Atlantic Real Estate Finance Inc,N/A
REGI,Renewable Energy Group Inc,Energy
REKR,Rekor Systems Inc,Industrials
RELY,Remitly Global Inc,N/A
RENT,Rent the Runway Inc,N/A
REPL,Replimune Group Inc,Healthcare
REPX,Riley Exploration Permian Inc.,N/A
RES,"RPC, Inc.",Energy
RETA,Reata Pharmaceuticals Inc,Healthcare
REV,"Revlon, Inc.",Consumer Defensive
REVG,REV Group Inc,Industrials
REX,REX American Resources Corp,Energy
REZI,Resideo Technologies Inc,Industrials
RFL,Rafael Holdings Inc,Healthcare
RGNX,Regenxbio Inc,Healthcare
RGP,Resources Connection Inc,Industrials
RGR,"Sturm, Ruger & Co., Inc.",Industrials
RGS,Regis Corp.,Consumer Cyclical
RHP,Ryman Hospitality Properties Inc,Real Estate
RICK,RCI Hospitality Holdings Inc,Consumer Cyclical
RIDE,Lordstown Motors Corp.,N/A
RIGL,Rigel Pharmaceuticals,Healthcare
RILY,B. Riley Financial Inc,Financial Services
RIOT,Riot Blockchain Inc,Technology
RLAY,Relay Therapeutics Inc,N/A
RLGT,"Radiant Logistics, Inc.",Industrials
RLI,RLI Corp.,Financial Services
RLJ,RLJ Lodging Trust,Real Estate
RLMD,Relmada Therapeutics Inc,Healthcare
RLYB,Rallybio Corp,N/A
RM,Regional Management Corp,Financial Services
RMAX,RE/MAX Holdings Inc,Real Estate
RMBS,Rambus Inc.,Technology
RMNI,Rimini Street Inc.,Technology
RMO,Romeo Power Inc,N/A
RMR,RMR Group Inc (The),Real Estate
RNA,Avidity Biosciences Inc,N/A
RNST,Renasant Corp.,Financial Services
ROAD,Construction Partners Inc,Industrials
ROCC,Ranger Oil Corp,N/A
ROCK,Gibraltar Industries Inc.,Industrials
ROG,Rogers Corp.,Technology
ROIC,Retail Opportunity Investments Corp,Real Estate
ROLL,RBC Bearings Inc.,Industrials
RPAY,Repay Holdings Corporation,Technology
RPD,Rapid7 Inc,Technology
RPHM,Reneo Pharmaceuticals Inc,N/A
RPID,Rapid Micro Biosystems Inc,N/A
RPT,RPT Realty,Real Estate
RRBI,Red River Bancshares Inc,Financial Services
RRC,Range Resources Corp,Energy
RRGB,Red Robin Gourmet Burgers Inc,Consumer Cyclical
RRR,Red Rock Resorts Inc,Consumer Cyclical
RSI,Rush Street Interactive Inc,N/A
RUBY,Rubius Therapeutics Inc,Healthcare
RUSHA,Rush Enterprises Inc,Consumer Cyclical
RUSHB,Rush Enterprises Inc,Consumer Cyclical
RUTH,Ruths Hospitality Group Inc,Consumer Cyclical
RVLV,Revolve Group Inc,Consumer Cyclical
RVMD,Revolution Medicines Inc,Healthcare
RVNC,Revance Therapeutics Inc,Healthcare
RVP,Retractable Technologies Inc,Healthcare
RWT,Redwood Trust Inc.,Real Estate
RXDX,Prometheus Biosciences Inc,N/A
RXRX,Recursion Pharmaceuticals Inc,N/A
RXST,RxSight Inc,N/A
RXT,Rackspace Technology Inc,N/A
RYAM,Rayonier Advanced Materials Inc,Basic Materials
RYI,Ryerson Holding Corp.,Industrials
RYTM,Rhythm Pharmaceuticals Inc.,Healthcare
SAFE,Safehold Inc,Real Estate
SAFM,"Sanderson Farms, Inc.",Consumer Defensive
SAFT,"Safety Insurance Group, Inc.",Financial Services
SAH,"Sonic Automotive, Inc.",Consumer Cyclical
SAIA,Saia Inc.,Industrials
SAIL,SailPoint Technologies Holdings Inc,Technology
SANA,Sana Biotechnology Inc,N/A
SANM,Sanmina Corp,Technology
SASR,Sandy Spring Bancorp,Financial Services
SATS,EchoStar Corp,Technology
SAVA,Cassava Sciences Inc,Healthcare
SAVE,Spirit Airlines Inc,Industrials
SB,"Safe Bulkers, Inc",Industrials
SBCF,Seacoast Banking Corp. Of Florida,Financial Services
SBGI,"Sinclair Broadcast Group, Inc.",Communication Services
SBH,Sally Beauty Holdings Inc,Consumer Cyclical
SBRA,Sabra Healthcare REIT Inc,Real Estate
SBSI,Southside Bancshares Inc,Financial Services
SBTX,Silverback Therapeutics Inc,N/A
SCHL,Scholastic Corp.,Communication Services
SCHN,"Schnitzer Steel Industries, Inc.",Basic Materials
SCL,Stepan Co.,Basic Materials
SCOR,Comscore Inc.,Communication Services
SCS,"Steelcase, Inc.",Industrials
SCSC,"Scansource, Inc.",Technology
SCU,Sculptor Capital Management Inc,Financial Services
SCVL,"Shoe Carnival, Inc.",Consumer Cyclical
SCWX,SecureWorks Corp,Technology
SDGR,Schrodinger Inc,Healthcare
SDIG,Stronghold Digital Mining Inc,N/A
SEAS,SeaWorld Entertainment Inc,Consumer Cyclical
SEEL,Seelos Therapeutics Inc,Healthcare
SEER,Seer Inc,N/A
SELB,Selecta Biosciences Inc,Healthcare
SEM,Select Medical Holdings Corporation,Healthcare
SENEA,Seneca Foods Corp.,Consumer Defensive
SENS,Senseonics Holdings Inc,Healthcare
SERA,Sera Prognostics Inc,N/A
SESN,Sesen Bio Inc.,Healthcare
SFBS,ServisFirst Bancshares Inc,Financial Services
SFIX,Stitch Fix Inc,Consumer Cyclical
SFL,SFL Corporation Ltd,Industrials
SFM,Sprouts Farmers Market Inc,Consumer Defensive
SFNC,Simmons First National Corp.,Financial Services
SFST,Southern First Bancshares Inc,Financial Services
SFT,Shift Technologies Inc,N/A
SG,Sweetgreen Inc,Financial Services
SGC,Superior Group of Companies Inc..,Consumer Cyclical
SGH,SMART Global Holdings Inc,Technology
SGHT,Sight Sciences Inc,N/A
SGMO,Sangamo Therapeutics Inc,Healthcare
SGRY,Surgery Partners Inc,Healthcare
SGTX,Sigilon Therapeutics Inc,N/A
SHAK,Shake Shack Inc,Consumer Cyclical
SHEN,Shenandoah Telecommunications Co.,Communication Services
SHO,Sunstone Hotel Investors Inc,Real Estate
SHOO,Steven Madden Ltd.,Consumer Cyclical
SHYF,Shyft Group Inc (The),N/A
SI,Silvergate Capital Corp,Financial Services
SIBN,SI-BONE Inc,Healthcare
SIEN,Sientra Inc,Healthcare
SIG,Signet Jewelers Ltd,Consumer Cyclical
SIGA,SIGA Technologies Inc,Healthcare
SIGI,Selective Insurance Group Inc.,Financial Services
SILK,Silk Road Medical Inc,Healthcare
SITC,SITE Centers Corp,Real Estate
SITM,SiTime Corp,Technology
SJI,South Jersey Industries Inc.,Utilities
SJW,SJW Group,Utilities
SKIN,Beauty Health Company (The),N/A
SKT,"Tanger Factory Outlet Centers, Inc.",Real Estate
SKY,Skyline Champion Corp,Consumer Cyclical
SKYT,SkyWater Technology Inc,N/A
SKYW,Skywest Inc.,Industrials
SLAB,Silicon Laboratories Inc,Technology
SLCA,U.S. Silica Holdings Inc,Energy
SLDB,Solid Biosciences Inc,Healthcare
SLP,Simulations Plus Inc.,Healthcare
SLQT,SelectQuote Inc,N/A
SM,SM Energy Co,Energy
SMBC,"Southern Missouri Bancorp, Inc.",Financial Services
SMBK,SmartFinancial Inc,Financial Services
SMCI,Super Micro Computer Inc,Technology
SMED,Sharps Compliance Corp.,Industrials
SMMF,Summit Financial Group Inc,Financial Services
SMMT,Summit Therapeutics Inc,Healthcare
SMP,"Standard Motor Products, Inc.",Consumer Cyclical
SMPL,Simply Good Foods Co,Consumer Defensive
SMSI,"Smith Micro Software, Inc.",Technology
SMTC,Semtech Corp.,Technology
SNBR,Sleep Number Corp,Consumer Cyclical
SNCY,Sun Country Airlines Holdings Inc,N/A
SNDX,Syndax Pharmaceuticals Inc,Healthcare
SNEX,StoneX Group Inc,N/A
SNPO,Snap One Holdings Corp,N/A
SNSE,Sensei Biotherapeutics Inc,N/A
SOI,Solaris Oilfield Infrastructure Inc,Energy
SONO,Sonos Inc,Technology
SOVO,Sovos Brands Inc,N/A
SP,SP Plus Corp,Industrials
SPFI,South Plains Financial Inc,Financial Services
SPNE,SeaSpine Holdings Corp,Healthcare
SPNS,Sapiens International Corp NV,Technology
SPNT,SiriusPoint Ltd,N/A
SPPI,"Spectrum Pharmaceuticals, Inc.",Healthcare
SPRB,Spruce Biosciences Inc,N/A
SPRO,Spero Therapeutics Inc,Healthcare
SPSC,SPS Commerce Inc.,Technology
SPT,Sprout Social Inc,Technology
SPTN,SpartanNash Co,Consumer Defensive
SPWH,Sportsman`s Warehouse Holdings Inc,Consumer Cyclical
SPWR,Sunpower Corp,Technology
SPXC,SPX Technologies Inc,Industrials
SQZ,SQZ Biotechnologies Co,N/A
SR,Spire Inc.,Utilities
SRCE,1st Source Corp.,Financial Services
SRDX,"Surmodics, Inc.",Healthcare
SRG,Seritage Growth Properties,Real Estate
SRI,Stoneridge Inc.,Consumer Cyclical
SRNE,Sorrento Therapeutics Inc,Healthcare
SRRK,Scholar Rock Holding Corp,Healthcare
SRT,"Startek, Inc.",Industrials
SSB,SouthState Corporation,Financial Services
SSD,"Simpson Manufacturing Co., Inc.",Industrials
SSP,E.W. Scripps Co.,Communication Services
SSTI,ShotSpotter Inc,Technology
SSTK,Shutterstock Inc,Communication Services
STAA,Staar Surgical Co.,Healthcare
STAG,STAG Industrial Inc,Real Estate
STAR,iStar Inc,Real Estate
STBA,"S & T Bancorp, Inc.",Financial Services
STC,Stewart Information Services Corp.,Financial Services
STEM,Stem Inc,N/A
STEP,StepStone Group Inc,N/A
STER,Sterling Check Corp,N/A
STGW,Stagwell Inc,N/A
STIM,Neuronetics Inc,Healthcare
STKS,ONE Group Hospitality Inc,Consumer Cyclical
STNG,Scorpio Tankers Inc,Energy
STOK,Stoke Therapeutics Inc,Healthcare
STON,StoneMor Inc,Consumer Cyclical
STRA,Strategic Education Inc,Consumer Defensive
STRL,Sterling Infrastructure Inc,Industrials
STRO,Sutro Biopharma Inc,Healthcare
STTK,Shattuck Labs Inc,N/A
STXS,Stereotaxis Inc,Healthcare
SUM,Summit Materials Inc,Basic Materials
SUMO,Sumo Logic Inc,N/A
SUPN,Supernus Pharmaceuticals Inc,Healthcare
SURF,Surface Oncology Inc,Healthcare
SVC,Service Properties Trust,Real Estate
SWAV,ShockWave Medical Inc,Healthcare
SWBI,Smith & Wesson Brands Inc,N/A
SWIM,Latham Group Inc,N/A
SWM,"Schweitzer-Mauduit International, Inc.",Basic Materials
SWN,Southwestern Energy Company,Energy
SWTX,SpringWorks Therapeutics Inc,Healthcare
SWX,Southwest Gas Holdings Inc,Utilities
SXC,SunCoke Energy Inc,Basic Materials
SXI,Standex International Corp.,Industrials
SXT,Sensient Technologies Corp.,Basic Materials
SYBT,Stock Yards Bancorp Inc,Financial Services
SYNA,Synaptics Inc,Technology
SYRS,Syros Pharmaceuticals Inc.,Healthcare
TA,TravelCenters of America Inc,Consumer Cyclical
TALO,Talos Energy Inc,Energy
TALS,Talaris Therapeutics Inc,N/A
TARS,Tarsus Pharmaceuticals Inc,N/A
TAST,Carrols Restaurant Group Inc.,Consumer Cyclical
TBBK,Bancorp Inc. (The),Financial Services
TBI,TrueBlue Inc,Industrials
TBK,Triumph Bancorp Inc,Financial Services
TBPH,Theravance Biopharma Inc,Healthcare
TCBI,"Texas Capital Bancshares, Inc.",Financial Services
TCBK,Trico Bancshares,Financial Services
TCBX,Third Coast Bancshares Inc,N/A
TCMD,Tactile Systems Technology Inc,Healthcare
TCRR,Tcr2 Therapeutics Inc,Healthcare
TCRT,Alaunos Therapeutics Inc,N/A
TCS,Container Store Group Inc,Consumer Cyclical
TCX,"Tucows, Inc.",Technology
TDS,"Telephone And Data Systems, Inc.",Communication Services
TDW,Tidewater Inc.,Energy
TELL,Tellurian Inc,Energy
TEN,"Tenneco, Inc.",Consumer Cyclical
TENB,Tenable Holdings Inc,Technology
TERN,Terns Pharmaceuticals Inc,N/A
TEX,Terex Corp.,Industrials
TG,Tredegar Corp.,Basic Materials
TGH,Textainer Group Holdings Limited,Industrials
TGI,Triumph Group Inc.,Industrials
TGNA,TEGNA Inc,Communication Services
TGTX,TG Therapeutics Inc,Healthcare
TH,Target Hospitality Corp,Energy
THC,Tenet Healthcare Corp.,Healthcare
THFF,First Financial Corp. - Indiana,Financial Services
THR,Thermon Group Holdings Inc,Industrials
THRM,Gentherm Inc,Consumer Cyclical
THRX,Theseus Pharmaceuticals Inc,N/A
THRY,Thryv Holdings Inc,N/A
THS,Treehouse Foods Inc,Consumer Defensive
TIG,Trean Insurance Group Inc,N/A
TIL,Instil Bio Inc,N/A
TILE,Interface Inc.,Consumer Cyclical
TIPT,Tiptree Inc,Financial Services
TISI,"Team, Inc.",Industrials
TITN,Titan Machinery Inc,Industrials
TK,Teekay Corp,Energy
TKNO,Alpha Teknova Inc,N/A
TLIS,Talis Biomedical Corp,N/A
TLS,Telos Corp,N/A
TLYS,Tillys Inc,Consumer Cyclical
TMCI,Treace Medical Concepts Inc,N/A
TMDX,Transmedics Group Inc,Healthcare
TMHC,Taylor Morrison Home Corp.,Consumer Cyclical
TMP,Tompkins Financial Corp,Financial Services
TMST,TimkenSteel Corp,Basic Materials
TNC,Tennant Co.,Industrials
TNET,TriNet Group Inc,Industrials
TNK,Teekay Tankers Ltd,Energy
TNXP,Tonix Pharmaceuticals Holding Corp,Healthcare
TNYA,Tenaya Therapeutics Inc,N/A
TOWN,Townebank Portsmouth VA,Financial Services
TPB,Turning Point Brands Inc,Consumer Defensive
TPC,Tutor Perini Corp,Industrials
TPH,Tri Pointe Homes Inc.,Consumer Cyclical
TPIC,TPI Composites Inc,Industrials
TPTX,Turning Point Therapeutics Inc,Healthcare
TR,"Tootsie Roll Industries, Inc.",Consumer Defensive
TRC,Tejon Ranch Co.,Industrials
TRDA,Entrada Therapeutics Inc,N/A
TREE,LendingTree Inc.,Financial Services
TRHC,Tabula Rasa HealthCare Inc,Healthcare
TRMK,Trustmark Corp.,Financial Services
TRN,"Trinity Industries, Inc.",Industrials
TRNO,Terreno Realty Corp,Real Estate
TRNS,Transcat Inc,Industrials
TROX,Tronox Holdings plc,Basic Materials
TRS,Trimas Corporation,Industrials
TRST,Trustco Bank Corp.,Financial Services
TRTN,Triton International Ltd,Industrials
TRTX,TPG RE Finance Trust Inc,Real Estate
TRUP,Trupanion Inc,Financial Services
TRVN,Trevena Inc,Healthcare
TSAT,Telesat Corp,N/A
TSC,Tristate Capital Holdings Inc,Financial Services
TSE,Trinseo PLC,Basic Materials
TSHA,Taysha Gene Therapies Inc,N/A
TSVT,2seventy bio Inc,N/A
TTCF,Tattooed Chef Inc,N/A
TTEC,TTEC Holdings Inc,Technology
TTEK,"Tetra Tech, Inc.",Industrials
TTGT,Techtarget Inc.,Communication Services
TTI,"Tetra Technologies, Inc.",Energy
TTMI,TTM Technologies Inc,Technology
TUP,Tupperware Brands Corporation,Consumer Cyclical
TVTX,Travere Therapeutics Inc,N/A
TVTY,Tivity Health Inc,Healthcare
TWI,"Titan International, Inc.",Industrials
TWNK,Hostess Brands Inc,Consumer Defensive
TWO,Two Harbors Investment Corp,Real Estate
TWOU,2U Inc,Consumer Defensive
TWST,Twist Bioscience Corp,Healthcare
TXMD,TherapeuticsMD Inc,Healthcare
TXRH,Texas Roadhouse Inc,Consumer Cyclical
TYRA,Tyra Biosciences Inc,N/A
UAVS,AgEagle Aerial Systems Inc.,Industrials
UBA,"Urstadt Biddle Properties, Inc.",Real Estate
UBSI,"United Bankshares, Inc.",Financial Services
UCBI,United Community Banks Inc,Financial Services
UCTT,Ultra Clean Hldgs Inc,Technology
UDMY,Udemy Inc,N/A
UE,Urban Edge Properties,Real Estate
UEC,Uranium Energy Corp,Energy
UEIC,Universal Electronics Inc.,Technology
UFCS,United Fire Group Inc,Financial Services
UFI,"UNIFI, Inc.",Consumer Cyclical
UFPI,UFP Industries Inc,Basic Materials
UFPT,UFP Technologies Inc.,Consumer Cyclical
UHT,Universal Health Realty Income Trust,Real Estate
UIHC,United Insurance Holdings Corp,Financial Services
UIS,Unisys Corp.,Technology
ULCC,Frontier Group Holdings Inc,N/A
ULH,Universal Logistics Holdings Inc,Industrials
UMBF,UMB Financial Corp.,Financial Services
UMH,UMH Properties Inc,Real Estate
UNF,Unifirst Corp.,Industrials
UNFI,United Natural Foods Inc.,Consumer Defensive
UNIT,Uniti Group Inc,Real Estate
UPLD,Upland Software Inc,Technology
UPWK,Upwork Inc,Industrials
URBN,"Urban Outfitters, Inc.",Consumer Cyclical
URG,Ur-Energy Inc.,Energy
URGN,UroGen Pharma Ltd,Healthcare
USD,ProShares Trust,
USER,UserTesting Inc,N/A
USLM,United States Lime & Minerals Inc.,Basic Materials
USM,United States Cellular Corporation,Communication Services
USNA,Usana Health Sciences Inc,Consumer Defensive
USPH,"U.S. Physical Therapy, Inc.",Healthcare
USX,U.S. Xpress Enterprises Inc,Industrials
UTL,Unitil Corp.,Utilities
UTMD,"Utah Medical Products, Inc.",Healthcare
UTZ,Utz Brands Inc,N/A
UUUU,Energy Fuels Inc,Energy
UVE,Universal Insurance Holdings Inc,Financial Services
UVSP,Univest Financial Corp,Financial Services
UVV,Universal Corp.,Consumer Defensive
VALU,"Value Line, Inc.",Financial Services
VAPO,Vapotherm Inc,Healthcare
VATE,Innovate Corp,Consumer Defensive
VBIV,VBI Vaccines Inc.,Healthcare
VBTX,Veritex Holdings Inc,Financial Services
VC,Visteon Corp.,Consumer Cyclical
VCEL,Vericel Corp,Healthcare
VCYT,Veracyte Inc,Healthcare
VEC,V2X Inc,Industrials
VECO,Veeco Instruments Inc,Technology
VEL,Velocity Financial Inc,Financial Services
VERA,Vera Therapeutics Inc,N/A
VERI,Veritone Inc,Technology
VERU,Veru Inc,Healthcare
VERV,Verve Therapeutics Inc,N/A
VG,Vonage Holdings Corp,Communication Services
VGR,Vector Group Ltd,Consumer Defensive
VHC,Virnetx Holding Corp,Technology
VHI,"Valhi, Inc.",Basic Materials
VIA,Via Renewables Inc,N/A
VIAV,Viavi Solutions Inc,Technology
VICR,Vicor Corp.,Technology
VIEW,View Inc.,N/A
VIGL,Vigil Neuroscience Inc,N/A
VINC,Vincerx Pharma Inc,N/A
VIR,Vir Biotechnology Inc,Healthcare
VIRX,Viracta Therapeutics Inc,N/A
VITL,Vital Farms Inc,N/A
VIVO,Meridian Bioscience Inc.,Healthcare
VKTX,Viking Therapeutics Inc,Healthcare
VLDR,Velodyne Lidar Inc,N/A
VLGEA,"Village Super Market, Inc.",Consumer Defensive
VLY,Valley National Bancorp,Financial Services
VMD,Viemed Healthcare Inc,Healthcare
VNDA,Vanda Pharmaceuticals Inc,Healthcare
VOR,Vor Biopharma Inc,N/A
VOXX,VOXX International Corp,Consumer Cyclical
VPG,Vishay Precision Group Inc,Technology
VRA,Vera Bradley Inc,Consumer Cyclical
VRAY,ViewRay Inc.,Healthcare
VRCA,Verrica Pharmaceuticals Inc,Healthcare
VRE,Veris Residential Inc,N/A
VREX,Varex Imaging Corp,Healthcare
VRNS,Varonis Systems Inc,Technology
VRNT,"Verint Systems, Inc.",Technology
VRRM,Verra Mobility Corp,Industrials
VRTS,Virtus Investment Partners Inc,Financial Services
VRTV,Veritiv Corp,Industrials
VSEC,VSE Corp.,Industrials
VSH,"Vishay Intertechnology, Inc.",Technology
VSTM,Verastem Inc,Healthcare
VSTO,Vista Outdoor Inc,Consumer Cyclical
VTGN,VistaGen Therapeutics Inc,Healthcare
VTOL,Bristow Group Inc.,N/A
VTYX,Ventyx Biosciences Inc,N/A
VUZI,Vuzix Corporation,Technology
VVI,Viad Corp.,Industrials
VVNT,Vivint Smart Home Inc,Industrials
VXRT,Vaxart Inc,Healthcare
WABC,Westamerica Bancorporation,Financial Services
WAFD,Washington Federal Inc.,Financial Services
WASH,"Washington Trust Bancorp, Inc.",Financial Services
WBT,Welbilt Inc,Industrials
WCC,"Wesco International, Inc.",Industrials
WD,Walker & Dunlop Inc,Financial Services
WDFC,WD-40 Co.,Basic Materials
WEBR,Weber Inc,N/A
WERN,"Werner Enterprises, Inc.",Industrials
WETF,Wisdomtree Investments Inc,Financial Services
WGO,"Winnebago Industries, Inc.",Consumer Cyclical
WHD,Cactus Inc,Energy
WINA,Winmark Corporation,Consumer Cyclical
WING,Wingstop Inc,Consumer Cyclical
WIRE,Encore Wire Corp.,Industrials
WK,Workiva Inc,Technology
WKHS,Workhorse Group Inc,Consumer Cyclical
WLDN,Willdan Group Inc,Industrials
WLFC,Willis Lease Finance Corp.,Industrials
WLL,Whiting Petroleum Corp,Energy
WLLAW,Chord Energy Corp,N/A
WLLBW,Chord Energy Corp,N/A
WLY,John Wiley & Sons Inc.,N/A
WMK,"Weis Markets, Inc.",Consumer Defensive
WNC,Wabash National Corp.,Industrials
WOR,"Worthington Industries, Inc.",Basic Materials
WOW,WideOpenWest Inc,Communication Services
WRE,Washington Real Estate Investment Trust,Real Estate
WRLD,World Acceptance Corp.,Financial Services
WSBC,"Wesbanco, Inc.",Financial Services
WSBF,Waterstone Financial Inc,Financial Services
WSC,WillScot Mobile Mini Holdings Corp,Industrials
WSFS,WSFS Financial Corp.,Financial Services
WSR,Whitestone REIT,Real Estate
WTBA,West Bancorporation,Financial Services
WTI,W & T Offshore Inc,Energy
WTS,"Watts Water Technologies, Inc.",Industrials
WTTR,Select Energy Services Inc,Energy
WVE,Wave Life Sciences Ltd.,Healthcare
WW,WW International Inc,Consumer Cyclical
WWW,"Wolverine World Wide, Inc.",Consumer Cyclical
XBIT,XBiotech Inc,Healthcare
XENT,Intersect ENT Inc,Healthcare
XGN,Exagen Inc,Healthcare
XHR,Xenia Hotels & Resorts Inc,Real Estate
XL,XL Fleet Corporation,N/A
XLO,Xilio Therapeutics Inc,N/A
XMTR,Xometry Inc,N/A
XNCR,Xencor Inc,Healthcare
XOMA,XOMA Corp,Healthcare
XPEL,XPEL Inc,Consumer Cyclical
XPER,Xperi Holding Corp,Technology
XPOF,Xponential Fitness Inc,N/A
XPRO,Expro Group Holdings N.V.,N/A
XXII,22nd Century Group Inc,Healthcare
YELL,Yellow Corporation,N/A
YELP,Yelp Inc,Communication Services
YEXT,Yext Inc,Technology
YMAB,Y-Mabs Therapeutics Inc,Healthcare
YORW,York Water Co.,Utilities
ZD,Ziff Davis Inc,N/A
ZEUS,Olympic Steel Inc.,Basic Materials
ZGNX,Zogenix Inc,Healthcare
ZNTL,Zentalis Pharmaceuticals Inc,Healthcare
ZUMZ,Zumiez Inc,Consumer Cyclical
ZUO,Zuora Inc,Technology
ZVIA,Zevia PBC,N/A
ZWS,Zurn Elkay Water Solutions Corp,N/A
ZY,Zymergen Inc,N/A
ZYXI,Zynex Inc,Healthcare
